total_trades,winrate,profit_factor,expectancy,avg_rr,max_drawdown,sharpe,calmar,equity_final,session_bucket
144,0.2638888888888889,0.9134151036998928,-0.05764055285877058,1.0,39.229618474667845,-0.6229767353982044,-0.006045169603123668,-8.300239611662958,london
201,0.5572139303482587,2.186377025448704,0.3978509530562781,1.0,11.238943052523403,4.937860759436192,0.13425024324885557,79.96804156431192,new_york
186,0.4032258064516129,1.502990532876937,0.26708721038642863,1.0,31.867274054053528,3.1573324748354423,0.03625372631401696,49.678221131875716,overlap
