metric,backtest_E,forward,delta_abs,delta_pct
total_trades,1245.0,531.0,-714.0,-57.34939759036145
winrate,0.4353413654618474,0.423728813559322,-0.011612551902525359,-2.6674588779786177
profit_factor,1.604554776058813,1.4630937039778742,-0.14146107208093883,-8.816219563934268
expectancy,0.2812615665369625,0.2285235839633233,-0.05273798257363918,-18.7505115693468
avg_rr,1.0,1.0,0.0,0.0
max_drawdown,37.98435392639797,19.807652309128546,-18.176701617269426,-47.853128297220216
sharpe,3.7526366492507295,3.7067897202685036,-0.045846928982225865,-1.2217257695700425
calmar,0.043691055043700563,0.07754707661189614,0.033856021568195574,77.48959491669905
equity_final,350.17065033851844,121.3460230845247,-228.82462725399375,-65.34660372957683
