total_trades,winrate,profit_factor,expectancy,avg_rr,max_drawdown,sharpe,calmar,equity_final,side
216,0.4212962962962963,1.41645165156526,0.21371317341127136,1.0,22.070987439284245,2.7447561740529594,0.04647835484106527,46.16204545683461,LONG
315,0.4253968253968254,1.497290293230324,0.23867929405615887,1.0,18.15510993624724,3.1790870952134305,0.07265266271270891,75.18397762769007,SHORT
