total_trades,winrate,profit_factor,expectancy,avg_win,avg_loss,max_drawdown,sharpe,calmar,equity_final
531,0.423728813559322,1.4630937039778742,0.2285235839633233,1.7039085980289768,0.864796737531337,19.807652309128546,3.7067897202685036,0.07754707661189614,121.3460230845247
