{
  "total_trades": 55,
  "win_rate": 0.5454545454545454,
  "profit_factor": 0.6385160933969357,
  "max_drawdown_r": -8.542399705488814,
  "max_drawdown_pct": 8.542399705488814,
  "max_daily_drawdown_pct": 0.6319796954314332,
  "sharpe_ratio": -2.9092693835541032,
  "expectancy_r": -0.11044715232283082
}