{
  "total_trades": 11,
  "win_rate": 0.2727272727272727,
  "profit_factor": 1.2577405857740969,
  "max_drawdown_r": -4.155688622754463,
  "max_drawdown_pct": 4.155688622754463,
  "max_daily_drawdown_pct": 1.0,
  "sharpe_ratio": 1.5202902380694565,
  "expectancy_r": 0.16766467065870688
}