schema_version,trade_id,symbol,timestamp,direction,session,weekday,bos_detected,bos_strength,choch_detected,choch_strength,fvg_detected,fvg_size,fvg_fill_status,fvg_direction,ob_detected,ob_distance,liquidity_sweep,displacement_magnitude,displacement_bullish,displacement_bearish,premium_discount_zone,premium_distance,ote_long_min,ote_short_min,d1_bias,h4_bias,trend_alignment,trend_confidence,ema_fast,ema_slow,ema_distance,ema_slope,atr,atr_ratio,candle_range_vs_atr,volatility_regime,rsi,rsi_slope,volume_ratio,momentum_strength,spread,market_regime,directional_efficiency,range_compression,sl_distance,tp_distance,rr_ratio,expected_hold_bars,ml_probability,ml_threshold,governor_mode,risk_multiplier,agent_ict_bias,agent_ict_confidence,agent_ict_events,agent_wyckoff_bias,agent_wyckoff_confidence,agent_wyckoff_phase,agent_wyckoff_events,agent_wyckoff_spring,agent_wyckoff_upthrust,agent_wyckoff_sos,agent_wyckoff_sow,agent_wyckoff_effort_divergence,agent_wyckoff_stoch_exhaustion,agent_wyckoff_stoch_divergence,agent_structure_bias,agent_structure_confidence,agent_structure_events,agent_decision_bias,agent_decision_confidence,agent_decision_reasons,agent_decision_conflicts,agent_decision_conflict_penalty,agent_decision_ml_probability,agent_decision_weighted_bias_sum,agent_decision_total_weight,pnl_r,win,exit_reason,max_favorable_excursion,max_adverse_excursion
v3,EURUSD-2026-05-15 10:15:00+00:00-1,EURUSD,2026-05-15 10:15:00+00:00,SHORT,LONDON,4,1,-1.0,1,0.0,0,0.0,none,NONE,0,0.007050000000000001,0,0.0,0,0,DISCOUNT,-0.12781945276732626,1.1647392,1.1636486,RANGING,BEARISH,BEARISH,0.26351700975266923,1.1645272940753923,1.165610210792106,0.0010829167167136777,-0.0003561661176789688,0.0006899999999999842,1.4306872037914078,1.1304347826087258,HIGH_VOL,40.0826446280988,-0.5882149106868795,1.5339298616128494,-0.0010829167167136777,1.0,HIGH_VOL,0.1594746716697819,1.677708893974096,0.0015000000000000568,0.0013799999999999368,0.919999999999923,16,0.73,0.6799999999999999,NORMAL,1.0,,,,,,,,,,,,,,,,,,,,,,,,,,0.919999999999923,1,TP,1.5399999999999645,-0.03333333333325438
v3,EURUSD-2026-05-15 10:45:00+00:00-2,EURUSD,2026-05-15 10:45:00+00:00,SHORT,LONDON,4,1,-1.0,1,0.0,1,1.0000000000065512e-05,bearish_unfilled,BEARISH,0,0.007640000000000091,0,0.0,0,0,DISCOUNT,-0.5249995625003461,1.164578,1.163594,RANGING,BEARISH,BEARISH,0.34194063566018107,1.1643983971909675,1.1654726859330438,0.0010742887420762681,-0.0002998548038142257,0.0007364285714285426,1.4580681657473518,0.7740058195926037,HIGH_VOL,36.126629422719134,-2.062346955234865,0.9338188048832727,-0.0010742887420762681,0.0,HIGH_VOL,0.2980599647266384,1.5566196632683895,0.0020900000000001473,0.0014728571428570536,0.7047163362951913,16,0.8400000000000001,0.6799999999999999,NORMAL,1.0,,,,,,,,,,,,,,,,,,,,,,,,,,0.7047163362951913,1,TP,0.8229665071769486,-0.08133971291865622
v3,EURUSD-2026-05-15 11:00:00+00:00-3,EURUSD,2026-05-15 11:00:00+00:00,SHORT,LONDON,4,1,-1.0,1,0.0,0,0.0,bearish_unfilled,NONE,0,0.007849999999999913,0,0.0,0,0,DISCOUNT,-0.6828187816573698,1.1644974,1.1635667,RANGING,BEARISH,BEARISH,0.36130622385294187,1.1643080736489706,1.1653933649160617,0.0010852912670911152,-0.0002722495844031947,0.000754999999999966,1.4600455832584445,0.7682119205295749,HIGH_VOL,36.26168224299187,0.13505282027273324,1.3392488650433347,-0.0010852912670911152,1.0,HIGH_VOL,0.30419580419576947,1.525555550661869,0.0020399999999998197,0.0015099999999999003,0.7401960784313891,16,0.8400000000000001,0.6799999999999999,NORMAL,1.0,,,,,,,,,,,,,,,,,,,,,,,,,,0.7401960784313891,1,TP,0.7401960784314979,-0.0931372549019261
v3,EURUSD-2026-05-15 11:15:00+00:00-4,EURUSD,2026-05-15 11:15:00+00:00,SHORT,LONDON,4,1,-1.0,1,0.0,1,4.0000000000040004e-05,bearish_unfilled,BEARISH,0,0.008029999999999982,1,0.0,0,0,DISCOUNT,-0.7489533481562337,1.1644518,1.1634719,RANGING,BEARISH,BEARISH,0.40595397672924904,1.1642092094919259,1.165310095703667,0.0011008862117412033,-0.000347273433507711,0.000762857142857097,1.4386744796927884,0.6816479400747559,HIGH_VOL,36.46616541353489,0.20448317054302123,1.2559288537549407,-0.0011008862117412033,2.0,HIGH_VOL,0.3367521367521338,1.3073567083057072,0.0020899999999999253,0.0015257142857141304,0.7300068352699449,16,0.8400000000000001,0.6799999999999999,NORMAL,1.0,,,,,,,,,,,,,,,,,,,,,,,,,,0.7300068352699449,1,TP,0.7607655502392522,-0.17703349282296396
v3,EURUSD-2026-05-15 11:30:00+00:00-5,EURUSD,2026-05-15 11:30:00+00:00,SHORT,LONDON,4,1,-1.0,1,0.0,0,0.0,none,NONE,0,0.00770000000000004,1,0.0,0,0,DISCOUNT,-0.4482754756246362,1.1643984,1.1634472,RANGING,BEARISH,BEARISH,0.3259030207849058,1.1641511895403138,1.1652430331270527,0.001091843586738861,-0.00037610453507852526,0.0007728571428570831,1.4195749147204535,0.8280961182994757,HIGH_VOL,41.72794117646962,5.261775762934732,1.17782688058411,-0.001091843586738861,0.0,HIGH_VOL,0.26298701298700805,1.1642942271124102,0.0017599999999999838,0.0015457142857142614,0.8782467532467475,16,0.8400000000000001,0.6799999999999999,NORMAL,1.0,,,,,,,,,,,,,,,,,,,,,,,,,,0.8782467532467475,1,TP,0.9431818181818239,-0.022727272727295664
v3,EURUSD-2026-05-15 11:45:00+00:00-6,EURUSD,2026-05-15 11:45:00+00:00,SHORT,LONDON,4,1,-1.0,1,0.0,0,0.0,none,NONE,0,0.008010000000000073,1,0.0,0,0,DISCOUNT,-0.6982752601076186,1.1643784,1.1634272,RANGING,BEARISH,BEARISH,0.30921931494426447,1.1640691714888554,1.1651664435926585,0.0010972721038031708,-0.000406951722213833,0.0007835714285713598,1.3984320224360067,0.8933454876936902,HIGH_VOL,37.634408602149435,-4.093532574320186,1.0309278350515463,-0.0010972721038031708,0.0,HIGH_VOL,0.29721362229103787,1.132591311904846,0.0019900000000001583,0.001567142857142656,0.7875089734384579,16,0.8400000000000001,0.6799999999999999,NORMAL,1.0,,,,,,,,,,,,,,,,,,,,,,,,,,0.7875089734384579,1,TP,0.8090452261305333,-0.030150753768816187
v3,EURUSD-2026-05-15 14:45:00+00:00-7,EURUSD,2026-05-15 14:45:00+00:00,SHORT,NEW_YORK,4,0,0.0,1,0.0,1,0.00043999999999999595,bearish_unfilled,BEARISH,0,0.008150000000000102,0,0.0,0,0,DISCOUNT,-0.23834184541880032,1.1640732,1.1624906,RANGING,BEARISH,BEARISH,0.45972503469409487,1.1637344596805834,1.1645336497129193,0.0007991900323358614,0.00010115754850770209,0.0008514285714285665,1.0903768752287377,0.6459731543624792,RANGING,49.130434782607736,0.2831725347703937,0.95650492944133,-0.0007991900323358614,2.0,RANGING,0.03510758776897529,1.019973569913425,0.0023900000000001143,0.0017028571428572281,0.7124925283921116,16,0.6200000000000001,0.63,NORMAL,1.0,,,,,,,,,,,,,,,,,,,,,,,,,,0.27196652719656333,1,hold_limit,0.5648535564853129,-0.25941422594143737
v3,EURUSD-2026-05-15 15:00:00+00:00-8,EURUSD,2026-05-15 15:00:00+00:00,SHORT,NEW_YORK,4,0,0.0,1,0.0,0,0.0,bearish_unfilled,NONE,0,0.008569999999999967,0,0.0,0,0,DISCOUNT,-0.4559583129749662,1.1640732,1.1624906,RANGING,BEARISH,BEARISH,0.42094615931346974,1.1636387968538613,1.1644629183516284,0.0008241214977671163,-0.00011609555135017047,0.0008535714285714377,1.0789093535573078,0.7849372384939152,RANGING,43.776824034334545,-5.353610748273191,1.0953966699314397,-0.0008241214977671163,2.0,RANGING,0.19093078758952328,1.0387576748880143,0.002809999999999979,0.001707142857142907,0.6075241484494376,16,0.6200000000000001,0.63,NORMAL,1.0,,,,,,,,,,,,,,,,,,,,,,,,,,0.10320284697513368,1,hold_limit,0.3309608540925638,-0.37010676156581407
v3,EURUSD-2026-05-19 16:15:00+00:00-9,EURUSD,2026-05-19 16:15:00+00:00,SHORT,NEW_YORK,1,1,-1.0,1,0.0,0,0.0,none,NONE,0,0.0021800000000000708,0,0.0,0,0,DISCOUNT,-0.9054047936453996,1.1622452,1.1610316,RANGING,BEARISH,BEARISH,0.48631762040292825,1.1620098741845974,1.1628781062576432,0.0008682320730457604,-0.00035823643908394764,0.000740714285714285,1.0926140554208952,1.4850530376086237,RANGING,39.77987421383573,-6.790522898079132,1.594309541329409,-0.0008682320730457604,1.0,RANGING,0.3178294573643349,0.9348083906939942,0.0028200000000000447,0.0014814285714286335,0.5253292806484433,16,0.8400000000000001,0.63,NORMAL,1.0,,,,,,,,,,,,,,,,,,,,,,,,,,-0.13829787234046323,0,hold_limit,0.5177304964538985,-0.4007092198581764
v3,EURUSD-2026-05-19 16:30:00+00:00-10,EURUSD,2026-05-19 16:30:00+00:00,SHORT,NEW_YORK,1,1,-1.0,1,0.0,1,7.00000000000145e-05,bearish_unfilled,BEARISH,0,0.0018599999999999728,1,0.0,0,0,DISCOUNT,-0.42545423603328586,1.161785,1.1606575,RANGING,BEARISH,BEARISH,0.44308984321132827,1.1619013147384454,1.1627993569926376,0.0008980422541922106,-0.000453642492504569,0.0007457142857142861,1.0917076231307867,1.1934865900383906,RANGING,36.37873754152968,-3.401136672306052,1.8321618577919305,-0.0008980422541922106,0.0,RANGING,0.23809523809522448,0.9919348274755972,0.0024999999999999467,0.001491428571428477,0.5965714285714036,16,0.8400000000000001,0.63,NORMAL,1.0,,,,,,,,,,,,,,,,,,,,,,,,,,0.5965714285714036,1,TP,0.7120000000000611,-0.32399999999999785
v3,EURUSD-2026-05-21 10:15:00+00:00-11,EURUSD,2026-05-21 10:15:00+00:00,SHORT,LONDON,3,1,-1.0,1,0.0,0,0.0,none,NONE,0,0.0030000000000001137,0,3.3488914819137534,0,1,DISCOUNT,-0.7329372504824292,1.1613694,1.1599877,BEARISH,BEARISH,BEARISH,0.38096633061506446,1.1619094126108913,1.1620249540836574,0.00011554147276604532,-0.00030926266564423877,0.0006121428571428707,1.3525883838384072,4.084014002333545,HIGH_VOL,27.789473684208005,-18.043859649124364,3.803859188048966,-0.00011554147276604532,0.0,HIGH_VOL,0.4250000000000555,1.5773564362021684,0.0029200000000000337,0.0012242857142856778,0.4192759295498848,16,0.6200000000000001,0.6799999999999999,NORMAL,1.0,,,,,,,,,,,,,,,,,,,,,,,,,,-1.0,0,SL,0.010273972602730871,-1.3047945205479614
v3,EURUSD-2026-05-21 10:30:00+00:00-12,EURUSD,2026-05-21 10:30:00+00:00,SHORT,LONDON,3,0,0.0,1,0.0,1,0.0011999999999998678,bearish_unfilled,BEARISH,0,0.0024500000000000632,0,0.0,0,0,DISCOUNT,-0.40652794864814473,1.1613694,1.1599877,BEARISH,BEARISH,BEARISH,0.354199846733523,1.1617542304574733,1.1619565245117491,0.00020229405427585334,-0.0004902852689161463,0.0006378571428571662,1.3833165517775945,1.097424412094252,HIGH_VOL,32.876712328764086,5.087238644556081,2.4447566739047133,-0.00020229405427585334,0.0,HIGH_VOL,0.28358208955227726,1.6166290787538826,0.0023699999999999832,0.001275714285714269,0.5382760699216362,16,0.6200000000000001,0.6799999999999999,CAUTION,0.75,,,,,,,,,,,,,,,,,,,,,,,,,,-1.0,0,SL,0.0,-1.3755274261603645
v3,EURUSD-2026-05-21 10:45:00+00:00-13,EURUSD,2026-05-21 10:45:00+00:00,SHORT,LONDON,3,0,0.0,1,0.0,0,0.0,bearish_unfilled,NONE,0,0.0019899999999999363,0,0.0,0,0,DISCOUNT,-0.13353107802305647,1.1613694,1.1599877,BEARISH,BEARISH,BEARISH,0.287771070075008,1.161657637080571,1.1619088176681511,0.0002511805875802242,-0.0005331152433052377,0.0006585714285714449,1.400364520048623,0.92624728850323,HIGH_VOL,37.522768670310306,4.64605634154622,1.332588176850472,-0.0002511805875802242,0.0,HIGH_VOL,0.16160000000000205,1.6015614999118806,0.0019099999999998563,0.0013171428571427946,0.6896035901271694,16,0.6200000000000001,0.71,DEFENSIVE,0.5,,,,,,,,,,,,,,,,,,,,,,,,,,-1.0,0,SL,0.07329842931939243,-1.4659685863874996
v3,EURUSD-2026-05-21 13:30:00+00:00-14,EURUSD,2026-05-21 13:30:00+00:00,SHORT,NEW_YORK,3,0,0.0,1,0.0,1,0.0009900000000000464,bearish_unfilled,BEARISH,0,0.0020999999999999908,0,0.0,0,0,DISCOUNT,-0.3661970111751195,1.1619212,1.1601746000000002,BEARISH,BEARISH,BEARISH,0.387941904134538,1.1620381938137296,1.1620594555274983,2.1261713768705448e-05,-0.00011922249024132192,0.0010914285714285368,1.4652857690831858,1.2918848167538863,HIGH_VOL,44.3368828654412,-2.1605790634926265,1.5255926532355664,-2.1261713768705448e-05,0.0,HIGH_VOL,0.11384111384111145,0.9752382090280985,0.002909999999999968,0.002182857142857042,0.7501227295041464,16,0.6200000000000001,0.7599999999999999,DEFENSIVE,0.5,,,,,,,,,,,,,,,,,,,,,,,,,,0.7501227295041464,1,TP,1.0309278350515967,-0.3333333333333079
v3,EURUSD-2026-05-21 16:30:00+00:00-15,EURUSD,2026-05-21 16:30:00+00:00,SHORT,NEW_YORK,3,1,-1.0,1,0.0,1,0.00027999999999983594,bearish_unfilled,BEARISH,1,0.0001900000000001345,0,0.0,0,0,DISCOUNT,-0.9334497606129977,1.1611702,1.1588291,BEARISH,BEARISH,BEARISH,0.4313586912414567,1.1603837748525125,1.1612124936104673,0.0008287187579547606,-0.000768109849561105,0.0010107142857142934,1.0621528299054364,1.3653710247351292,RANGING,22.195416164052006,-2.403514317230261,1.1991579580482672,-0.0008287187579547606,0.0,RANGING,0.4428857715430784,1.0497746580874812,0.005560000000000009,0.0020214285714286184,0.3635662898252905,16,0.8400000000000001,0.71,DEFENSIVE,0.5,,,,,,,,,,,,,,,,,,,,,,,,,,-0.8111510791366918,0,hold_limit,0.005395683453232813,-0.8309352517985321
v3,EURUSD-2026-05-22 10:00:00+00:00-16,EURUSD,2026-05-22 10:00:00+00:00,SHORT,LONDON,4,1,-1.0,1,0.0,0,0.0,none,NONE,0,0.0011799999999999589,0,1.9644760213139194,0,1,DISCOUNT,-0.9230757396465533,1.1610972000000002,1.1604576000000002,BEARISH,BEARISH,BEARISH,0.37444999037304,1.1611420771961123,1.1612287399451544,8.666274904212123e-05,-0.0001779197259486054,0.0004021428571428747,1.3641870608190079,2.1136767317933596,HIGH_VOL,31.25000000000054,-17.697368421050925,1.9702914798206277,-8.666274904212123e-05,0.0,HIGH_VOL,0.25287356321840987,1.5629335752048317,0.0015000000000000568,0.0008042857142858129,0.5361904761905216,16,0.73,0.7599999999999999,DEFENSIVE,0.5,,,,,,,,,,,,,,,,,,,,,,,,,,0.5361904761905216,1,TP,0.5733333333333669,-0.919999999999923
v3,EURUSD-2026-05-22 10:30:00+00:00-17,EURUSD,2026-05-22 10:30:00+00:00,SHORT,LONDON,4,0,0.0,1,0.0,0,0.0,none,NONE,0,0.0016299999999997983,0,0.0,0,0,DISCOUNT,-0.3461534023677066,1.1610972000000002,1.1604576000000002,BEARISH,BEARISH,BEARISH,0.2830207857370612,1.1610682309927358,1.1611910052319554,0.00012277423921958075,-0.0002353492541213864,0.00044357142857144794,1.423332569333023,0.8566827697263164,HIGH_VOL,37.97468354430166,-6.504811723838927,1.7372393501343226,-0.00012277423921958075,0.0,HIGH_VOL,0.172413793103486,1.6418625541272687,0.0010500000000002174,0.0008871428571428641,0.8448979591835052,16,0.73,0.7599999999999999,DEFENSIVE,0.5,,,,,,,,,,,,,,,,,,,,,,,,,,0.8448979591835052,1,TP,0.9904761904759186,-0.8857142857141951
v3,EURUSD-2026-05-22 17:00:00+00:00-18,EURUSD,2026-05-22 17:00:00+00:00,SHORT,NEW_YORK,4,1,-1.0,1,0.0,0,0.0,bearish_unfilled,NONE,0,2.999999999997449e-05,0,1.8209236569274565,0,1,DISCOUNT,-0.9520541424286529,1.1607204,1.1595232,BEARISH,BEARISH,BEARISH,0.4489839473235,1.1602323342098766,1.1605426559910774,0.00031032178120082854,5.549363973345045e-05,0.0007578571428570959,1.257034535868702,1.939679547596543,RANGING,43.08681672025824,-10.29963746300875,2.045963464938126,-0.00031032178120082854,0.0,RANGING,0.1354309165526449,1.4170288543402143,0.002849999999999797,0.001515714285714287,0.5318295739348754,16,0.73,0.71,DEFENSIVE,0.5,,,,,,,,,,,,,,,,,,,,,,,,,,-1.0,0,SL,0.05964912280710092,-1.0280701754386266
v3,EURUSD-2026-06-04 10:45:00+00:00-19,EURUSD,2026-06-04 10:45:00+00:00,SHORT,LONDON,3,0,0.0,1,0.0,0,0.0,bearish_unfilled,NONE,0,4.0000000000040004e-05,0,0.0,0,0,DISCOUNT,-0.3333329292932396,1.160863,1.1601865,BEARISH,BEARISH,BEARISH,0.2680789358355162,1.1607400883174526,1.1606652827824602,7.480553499239484e-05,-8.832025482052863e-05,0.0004964285714285406,1.373789286420152,0.8863309352518455,HIGH_VOL,47.20670391061476,1.517048738200586,1.4102977534128776,7.480553499239484e-05,2.0,HIGH_VOL,0.1262939958592102,1.2812629931213835,0.0010999999999998789,0.0009928571428570176,0.9025974025973882,16,0.73,0.7599999999999999,DEFENSIVE,0.5,,,,,,,,,,,,,,,,,,,,,,,,,,-1.0,0,SL,0.03636363636367673,-1.4545454545456564
v3,EURUSD-2026-06-05 15:45:00+00:00-20,EURUSD,2026-06-05 15:45:00+00:00,SHORT,NEW_YORK,4,1,-1.0,1,0.0,1,0.0026300000000001322,bearish_unfilled,BEARISH,0,0.0009400000000001629,0,2.5879170423805964,0,1,DISCOUNT,-0.9896726369457454,1.1622222,1.1598401,BEARISH,RANGING,BEARISH,0.33748229950468195,1.1628579980083917,1.1626231679324592,0.00023483007593250171,-0.0006215739489776606,0.0007921428571428761,1.538781739975057,2.7772768259692495,HIGH_VOL,16.10824742268011,-4.725085910652766,2.4910880553338655,0.00023483007593250171,0.0,HIGH_VOL,0.4719334719334726,1.6383384687205784,0.005780000000000118,0.0015842857142858158,0.27409787444390715,16,0.73,0.7599999999999999,DEFENSIVE,0.5,,,,,,,,,,,,,,,,,,,,,,,,,,0.27409787444390715,1,TP,0.4463667820069159,-0.22837370242213856
v3,EURUSD-2026-06-05 16:00:00+00:00-21,EURUSD,2026-06-05 16:00:00+00:00,SHORT,NEW_YORK,4,1,-1.0,1,0.0,1,0.0005500000000000504,bearish_unfilled,BEARISH,0,4.0000000000040004e-05,1,0.0,0,0,DISCOUNT,-0.6132229377775101,1.162131,1.1596505,BEARISH,BEARISH,BEARISH,0.4395418661608204,1.1625429505790212,1.162502651542951,4.029903607016827e-05,-0.001000471668122449,0.0008828571428571694,1.641434262948244,1.8009708737863315,HIGH_VOL,25.05827505827608,8.950027635595973,3.163217529731248,4.029903607016827e-05,0.0,HIGH_VOL,0.4478527607361732,1.7261719457840026,0.0048799999999999955,0.0017657142857143704,0.36182669789228933,16,0.8400000000000001,0.7599999999999999,DEFENSIVE,0.5,,,,,,,,,,,,,,,,,,,,,,,,,,0.36182669789228933,1,TP,0.3975409836065686,-0.0676229508196602
v3,EURUSD-2026-06-05 16:15:00+00:00-22,EURUSD,2026-06-05 16:15:00+00:00,SHORT,NEW_YORK,4,1,-1.0,1,0.0,0,0.0,bearish_unfilled,NONE,0,0.0011300000000000754,0,0.0,0,0,DISCOUNT,-0.9735533971724047,1.162131,1.1596505,BEARISH,BEARISH,BEARISH,0.37764557426947576,1.1621540981429241,1.1623441161883254,0.00019001804540130784,-0.0014337600806821893,0.0009657142857143157,1.7106345290061686,1.5532544378698332,HIGH_VOL,21.910695742471972,-3.1475793158041085,1.7480075221635174,-0.00019001804540130784,0.0,HIGH_VOL,0.4962686567164039,1.7877651958388014,0.005970000000000031,0.001931428571428695,0.32352237377364906,16,0.8400000000000001,0.7599999999999999,DEFENSIVE,0.5,,,,,,,,,,,,,,,,,,,,,,,,,,0.32352237377364906,1,TP,0.40033500837522645,-0.03350083752093416
v3,EURUSD-2026-06-05 16:30:00+00:00-23,EURUSD,2026-06-05 16:30:00+00:00,SHORT,NEW_YORK,4,1,-1.0,1,0.0,0,0.0,bearish_unfilled,NONE,0,0.0015100000000001224,0,0.0,0,0,DISCOUNT,-0.862169835140825,1.1618384000000002,1.1590422,BEARISH,BEARISH,BEARISH,0.30554137023969546,1.161766088795979,1.162176895945646,0.000410807149666903,-0.001808640072997969,0.0010200000000000209,1.7195496417604983,1.0294117647058567,HIGH_VOL,20.20202020202018,-1.708675540451793,1.9144021168465706,-0.000410807149666903,0.0,HIGH_VOL,0.5130748422001655,1.7617316323390977,0.006350000000000078,0.0020400000000000418,0.3212598425196877,16,0.8400000000000001,0.7599999999999999,DEFENSIVE,0.5,,,,,,,,,,,,,,,,,,,,,,,,,,0.3212598425196877,1,TP,0.4299212598425335,-0.0724409448818739
v3,EURUSD-2026-06-05 16:45:00+00:00-24,EURUSD,2026-06-05 16:45:00+00:00,SHORT,NEW_YORK,4,1,-1.0,1,0.0,0,0.0,bearish_unfilled,NONE,0,0.0024000000000001798,0,0.0,0,0,DISCOUNT,-0.9862823082902085,1.1616598,1.1586709000000002,BEARISH,BEARISH,BEARISH,0.4082585140218462,1.1613302708154096,1.161981331398758,0.0006510605833482952,-0.0019706743517600156,0.0010914285714285845,1.7469845080889375,1.2827225130888487,HIGH_VOL,16.76136363636391,-3.440656565656269,1.8132664655408846,-0.0006510605833482952,0.0,HIGH_VOL,0.5446880269814418,1.7883742540183785,0.007240000000000135,0.002182857142857264,0.3014996053670198,16,0.73,0.7599999999999999,DEFENSIVE,0.5,,,,,,,,,,,,,,,,,,,,,,,,,,0.3014996053670198,1,TP,0.3287292817679564,-0.11878453038674956
v3,EURUSD-2026-06-05 17:00:00+00:00-25,EURUSD,2026-06-05 17:00:00+00:00,SHORT,NEW_YORK,4,1,-1.0,1,0.0,0,0.0,bearish_unfilled,NONE,0,0.003370000000000095,0,0.0,0,0,DISCOUNT,-0.9641146018864368,1.1612532,1.1578256,BEARISH,BEARISH,BEARISH,0.41608351282324463,1.1608435783567992,1.1617553968341008,0.0009118184773015958,-0.002014419651592547,0.0012000000000000105,1.820250284414085,1.650000000000063,HIGH_VOL,15.49912434325789,-1.2622392931060205,1.9537691401648998,-0.0009118184773015958,0.0,HIGH_VOL,0.6498371335504812,1.8199400633980893,0.00821000000000005,0.0023999999999999577,0.29232643118147905,16,0.73,0.7599999999999999,DEFENSIVE,0.5,,,,,,,,,,,,,,,,,,,,,,,,,,0.29232643118147905,1,TP,0.34470158343484686,-0.001218026796597497
v3,EURUSD-2026-06-05 17:15:00+00:00-26,EURUSD,2026-06-05 17:15:00+00:00,SHORT,NEW_YORK,4,1,-1.0,1,0.0,1,0.0009099999999999664,bearish_unfilled,BEARISH,0,0.004010000000000069,0,0.0,0,0,DISCOUNT,-0.9492831423851581,1.1609734,1.1572547,BEARISH,BEARISH,BEARISH,0.4797946864024361,1.160342285179961,1.161513224409234,0.001170939229273138,-0.0022006653990602754,0.0012292857142857422,1.7703939923876137,0.7158628704243297,HIGH_VOL,14.762301918265706,-0.7368224249921838,1.4278163430705804,-0.001170939229273138,0.0,HIGH_VOL,0.6595407759303131,1.7342006036410846,0.008850000000000025,0.002458571428571421,0.2778046811945101,16,0.95,0.7599999999999999,DEFENSIVE,0.5,,,,,,,,,,,,,,,,,,,,,,,,,,0.2778046811945101,1,TP,0.2881355932203441,-0.06779661016948386
v3,EURUSD-2026-06-05 17:30:00+00:00-27,EURUSD,2026-06-05 17:30:00+00:00,SHORT,NEW_YORK,4,1,-1.0,1,0.0,0,0.0,bearish_unfilled,NONE,0,0.0044400000000002215,0,0.0,0,0,DISCOUNT,-0.9292401812195262,1.1607682,1.1568281,BEARISH,BEARISH,BEARISH,0.4368747398801373,1.1598477818294883,1.1612636861971073,0.0014159043676189587,-0.002306316313435808,0.0012828571428571728,1.7522805990536097,1.0679287305122973,HIGH_VOL,14.774624373956598,0.012322455690892298,1.2277921990358358,-0.0014159043676189587,0.0,HIGH_VOL,0.6687211093990661,1.7487073616853146,0.009270000000000111,0.0025657142857142823,0.27677608260132164,16,0.8400000000000001,0.7599999999999999,DEFENSIVE,0.5,,,,,,,,,,,,,,,,,,,,,,,,,,0.27677608260132164,1,TP,0.2815533980582252,-0.09385113268609903
v3,EURUSD-2026-06-05 17:45:00+00:00-28,EURUSD,2026-06-05 17:45:00+00:00,SHORT,NEW_YORK,4,1,-1.0,1,0.0,0,0.0,bearish_unfilled,NONE,1,0.00012000000000012001,0,0.0,0,0,DISCOUNT,-0.7731528047548799,1.1607682,1.1568281,BEARISH,BEARISH,BEARISH,0.34417555856497495,1.1594718026076323,1.1610533455619265,0.001581542954294246,-0.002294286188346817,0.0013114285714286142,1.6991346999213461,0.6786492374727885,HIGH_VOL,17.86001609010492,3.0853917161483224,1.22666150720712,-0.001581542954294246,0.0,HIGH_VOL,0.5821767713659544,1.7019414129493782,0.008520000000000083,0.00262285714285726,0.30784708249498055,16,0.8400000000000001,0.7599999999999999,DEFENSIVE,0.5,,,,,,,,,,,,,,,,,,,,,,,,,,0.30784708249498055,1,TP,0.336854460093885,-0.011737089201876527
v3,EURUSD-2026-06-08 11:00:00+00:00-29,EURUSD,2026-06-08 11:00:00+00:00,SHORT,LONDON,0,0,0.0,1,0.0,0,0.0,none,NONE,0,2.999999999997449e-05,0,0.0,0,0,DISCOUNT,-0.509024903231096,1.1529274,1.1517917,BEARISH,BEARISH,BEARISH,0.45326344740898067,1.1523312058868667,1.1529432177475207,0.0006120118606540714,-0.00015251569040386492,0.0008257142857142867,1.3765182186234517,1.1384083044984659,HIGH_VOL,38.88888888888913,4.858470637939533,1.3910635351760132,-0.0006120118606540714,0.0,HIGH_VOL,0.13636363636363472,1.3771643150686679,0.0020899999999999253,0.001651428571428637,0.7901572112099025,16,0.8400000000000001,0.7599999999999999,DEFENSIVE,0.5,,,,,,,,,,,,,,,,,,,,,,,,,,0.7901572112099025,1,TP,0.866028708134045,-0.0956937799042991
v3,EURUSD-2026-06-08 11:15:00+00:00-30,EURUSD,2026-06-08 11:15:00+00:00,SHORT,LONDON,0,0,0.0,1,0.0,0,0.0,none,NONE,0,0.00012999999999996348,0,0.0,0,0,DISCOUNT,-0.4368227892976106,1.1529274,1.1517917,BEARISH,BEARISH,BEARISH,0.49962176108280704,1.1522987100881175,1.1529058366593827,0.0006071265712652707,-0.00017608562465110111,0.0008478571428571462,1.3860345632881592,0.7430497051391568,HIGH_VOL,40.11299435028157,1.2241054613924405,1.1975555897909926,-0.0006071265712652707,0.0,HIGH_VOL,0.11538461538459623,1.2181359522492574,0.0019899999999999363,0.001695714285714356,0.852117731514779,16,0.8400000000000001,0.7599999999999999,DEFENSIVE,0.5,,,,,,,,,,,,,,,,,,,,,,,,,,0.852117731514779,1,TP,0.9597989949749445,-0.05025125628140311
v3,EURUSD-2026-06-08 11:30:00+00:00-31,EURUSD,2026-06-08 11:30:00+00:00,SHORT,LONDON,0,0,0.0,1,0.0,0,0.0,none,NONE,0,0.000300000000000189,1,0.0,0,0,DISCOUNT,-0.6575337962097704,1.1528704,1.1516732,BEARISH,BEARISH,BEARISH,0.42456958327512934,1.152228356746392,1.1528530587511718,0.0006247020047798202,-0.00023264889849383685,0.0008850000000000088,1.4144642959072882,1.1638418079096906,HIGH_VOL,35.53571428571169,-4.577280064569877,1.1105567750947913,-0.0006247020047798202,1.0,HIGH_VOL,0.22570532915363578,1.2036790115449176,0.0024200000000000887,0.0017700000000000493,0.7314049586776795,16,0.73,0.7599999999999999,DEFENSIVE,0.5,,,,,,,,,,,,,,,,,,,,,,,,,,-1.0,0,SL,0.6818181818181276,-1.0950413223140265
v3,EURUSD-2026-06-08 11:45:00+00:00-32,EURUSD,2026-06-08 11:45:00+00:00,SHORT,LONDON,0,1,-1.0,1,0.0,0,0.0,none,NONE,0,0.001040000000000152,0,0.0,0,0,DISCOUNT,-0.9327211420666753,1.1527374000000001,1.1513967,BEARISH,BEARISH,BEARISH,0.4853873129000348,1.15209422753245,1.1527733309570083,0.0006791034245583472,-0.00036001567006582746,0.0008935714285714301,1.3962832747362937,1.1079136690645497,HIGH_VOL,28.571428571427518,-6.964285714284173,1.3384139080733508,-0.0006791034245583472,0.0,HIGH_VOL,0.3497822931785423,1.1994768973562142,0.0031600000000000517,0.001787142857142765,0.565551537070486,16,0.8400000000000001,0.7599999999999999,DEFENSIVE,0.5,,,,,,,,,,,,,,,,,,,,,,,,,,-1.0,0,SL,0.28797468354428846,-1.072784810126566
v3,EURUSD-2026-06-10 14:30:00+00:00-33,EURUSD,2026-06-10 14:30:00+00:00,SHORT,NEW_YORK,2,1,-1.0,1,0.0,0,0.0,bearish_unfilled,NONE,0,0.0010699999999999044,1,0.0,0,0,DISCOUNT,-0.7470349825809339,1.1549985999999999,1.1539613,BEARISH,BEARISH,BEARISH,0.40932709927450217,1.1550013308879847,1.1549105762070444,9.075468094033035e-05,-0.00027618926001826694,0.0006300000000000353,1.2050826615657733,1.650793650793447,RANGING,35.8536585365855,-1.0810148302498703,1.404637955513488,9.075468094033035e-05,0.0,RANGING,0.27999999999998293,1.2369001415136407,0.0022099999999998232,0.0012600000000000389,0.570135746606398,16,0.8400000000000001,0.71,DEFENSIVE,0.5,,,,,,,,,,,,,,,,,,,,,,,,,,-1.0,0,SL,0.1266968325792219,-1.2262443438914963
v3,EURUSD-2026-06-11 11:00:00+00:00-34,EURUSD,2026-06-11 11:00:00+00:00,SHORT,LONDON,3,1,-1.0,1,0.0,1,8.999999999992347e-05,bearish_unfilled,BEARISH,0,0.000560000000000116,1,0.0,0,0,DISCOUNT,-0.8216550042611123,1.1549534000000001,1.1543097,BEARISH,BEARISH,BEARISH,0.3956467205420565,1.154595630799367,1.1545659134727653,2.971732660173032e-05,1.182821177847515e-05,0.0005442857142857115,1.2642057237660755,1.01049868766414,RANGING,40.82191780821971,-6.531023368249748,1.241407472946301,2.971732660173032e-05,0.0,RANGING,0.06756756756756689,1.3637335182280788,0.0014300000000000423,0.0010885714285713277,0.7612387612386682,16,0.8400000000000001,0.71,DEFENSIVE,0.5,,,,,,,,,,,,,,,,,,,,,,,,,,0.7612387612386682,1,TP,0.7622377622377644,-0.03496503496495244
v3,EURUSD-2026-06-11 11:15:00+00:00-35,EURUSD,2026-06-11 11:15:00+00:00,SHORT,LONDON,3,1,-1.0,1,0.0,1,0.000140000000000029,bearish_unfilled,BEARISH,0,0.0003300000000001635,0,0.0,0,0,DISCOUNT,-0.8444435061738711,1.1548660000000002,1.154128,BEARISH,BEARISH,BEARISH,0.40974852430932585,1.1545284278660939,1.1545394070620685,1.097919597459196e-05,-6.45363798195131e-05,0.0005507142857142774,1.2669460192260216,0.7626459143966534,RANGING,37.92207792207926,-2.899839886140448,1.156023173736432,-1.097919597459196e-05,1.0,RANGING,0.18721461187212204,1.3034780331859017,0.0016599999999999948,0.0011014285714285865,0.6635111876075843,16,0.8400000000000001,0.71,DEFENSIVE,0.5,,,,,,,,,,,,,,,,,,,,,,,,,,0.6635111876075843,1,TP,0.86746987951814,-0.07228915662644478
v3,EURUSD-2026-06-11 11:30:00+00:00-36,EURUSD,2026-06-11 11:30:00+00:00,SHORT,LONDON,3,1,-1.0,1,0.0,0,0.0,bearish_unfilled,NONE,0,0.00024000000000001798,1,0.0,0,0,DISCOUNT,-0.8421043767323704,1.154828,1.154049,BEARISH,BEARISH,BEARISH,0.4125487789962354,1.1544590537836088,1.1545104107066932,5.135692308444462e-05,-0.00020219958174161334,0.0005457142857142763,1.2405618251197452,0.6596858638742028,RANGING,34.5646437994706,-3.357434122608659,1.1515111952477315,-5.135692308444462e-05,0.0,RANGING,0.19638826185105224,1.2210005501034762,0.0017500000000001403,0.001091428571428521,0.6236734693876763,16,0.8400000000000001,0.71,DEFENSIVE,0.5,,,,,,,,,,,,,,,,,,,,,,,,,,0.6236734693876763,1,TP,0.7714285714284881,-0.028571428571486576
v3,EURUSD-2026-06-11 11:45:00+00:00-37,EURUSD,2026-06-11 11:45:00+00:00,SHORT,LONDON,3,1,-1.0,1,0.0,0,0.0,bearish_unfilled,NONE,0,0.00015999999999993797,0,0.0,0,0,DISCOUNT,-0.8650786785089868,1.1545924,1.1535592000000001,BEARISH,BEARISH,BEARISH,0.4031982989597651,1.1543391438994555,1.1544590220515287,0.00011987815207326058,-0.00032294247871877957,0.0005807142857142836,1.299344733898043,1.4120541205412844,RANGING,29.357798165136956,-5.2068456343336464,1.1920361300171745,-0.00011987815207326058,1.0,RANGING,0.2674897119341801,1.2266425818759,0.0023500000000000743,0.0011614285714285355,0.49422492401212714,16,0.8400000000000001,0.71,DEFENSIVE,0.5,,,,,,,,,,,,,,,,,,,,,,,,,,0.49422492401212714,1,TP,0.6893617021276186,-0.4127659574467595
v3,EURUSD-2026-06-11 13:15:00+00:00-38,EURUSD,2026-06-11 13:15:00+00:00,SHORT,NEW_YORK,3,1,-1.0,1,0.0,1,0.0003900000000001125,bearish_unfilled,BEARISH,0,0.000520000000000076,1,0.0,0,0,DISCOUNT,-0.8143707698378497,1.1542808,1.1529114,BEARISH,BEARISH,BEARISH,0.41985476927042376,1.1537474596928043,1.1541608456729244,0.00041338598012008454,-0.0005041466924173843,0.0006271428571428737,1.2304673814028801,0.8132118451025009,RANGING,32.76955602537102,1.5824332889515205,1.1335656213704994,-0.00041338598012008454,1.0,RANGING,0.4261168384879674,0.9914978725148156,0.003030000000000088,0.0012542857142856523,0.4139556812823814,16,0.8400000000000001,0.71,DEFENSIVE,0.5,,,,,,,,,,,,,,,,,,,,,,,,,,0.12211221122111243,1,hold_limit,0.3102310231022817,-0.6039603960395858
v3,EURUSD-2026-06-11 15:15:00+00:00-39,EURUSD,2026-06-11 15:15:00+00:00,SHORT,NEW_YORK,3,0,0.0,1,0.0,0,0.0,none,NONE,0,0.00022999999999995246,1,0.0,0,0,DISCOUNT,-0.3593748128255587,1.1539608,1.1523864,BEARISH,BEARISH,BEARISH,0.39631647299136596,1.1535496826373532,1.153949780068461,0.00040009743110780427,-7.198738024150053e-05,0.000729285714285718,1.2352549755005753,3.181194906953783,RANGING,45.01278772378639,0.7916821961471925,2.7630912589891623,-0.00040009743110780427,0.0,RANGING,0.41528239202657513,1.2592695380873018,0.0027399999999999647,0.0014585714285715312,0.5323253388947263,16,0.73,0.71,DEFENSIVE,0.5,,,,,,,,,,,,,,,,,,,,,,,,,,0.5323253388947263,1,TP,0.554744525547521,-0.5620437956203995
v3,EURUSD-2026-06-11 15:30:00+00:00-40,EURUSD,2026-06-11 15:30:00+00:00,SHORT,NEW_YORK,3,0,0.0,1,0.0,0,0.0,none,NONE,0,1.999999999990898e-05,0,0.0,0,0,DISCOUNT,-0.07210026827574799,1.1535578,1.1522499000000002,BEARISH,BEARISH,BEARISH,0.3905559598500827,1.1535030461957008,1.153914886732443,0.0004118405367421474,-0.00013084572498023306,0.000802857142857137,1.3279773156899652,1.9804270462633353,RANGING,45.431472081216064,0.4186843574296759,2.2953921846910776,-0.0004118405367421474,0.0,RANGING,0.2859680284192128,1.3008788341357516,0.0023599999999999177,0.0016057142857142104,0.6803874092009603,16,0.6200000000000001,0.71,DEFENSIVE,0.5,,,,,,,,,,,,,,,,,,,,,,,,,,0.6803874092009603,1,TP,0.707627118644118,-0.5466101694915502
v3,EURUSD-2026-06-11 17:00:00+00:00-41,EURUSD,2026-06-11 17:00:00+00:00,SHORT,NEW_YORK,3,0,0.0,1,0.0,0,0.0,none,NONE,0,0.0007600000000000939,0,0.0,0,0,DISCOUNT,-0.49458448044446307,1.1532974,1.1521617,BEARISH,BEARISH,BEARISH,0.32953453665246657,1.1532445700264375,1.153712194558027,0.00046762453158955,-0.0003019955791965234,0.0010871428571428737,1.4748062015504044,0.9198423127464752,HIGH_VOL,46.81181959564499,-6.72353393970964,1.3155773611354478,-0.00046762453158955,0.0,HIGH_VOL,0.14540816326533104,1.4867372558452634,0.0020700000000000163,0.002174285714285684,1.0503795721186797,16,0.73,0.7599999999999999,DEFENSIVE,0.5,,,,,,,,,,,,,,,,,,,,,,,,,,-1.0,0,SL,1.0289855072463518,-2.111111111111087
v3,EURUSD-2026-06-11 17:15:00+00:00-42,EURUSD,2026-06-11 17:15:00+00:00,SHORT,NEW_YORK,3,0,0.0,1,0.0,1,0.00045000000000006146,bearish_unfilled,BEARISH,0,0.0008900000000000574,0,0.0,0,0,DISCOUNT,-0.588447228557978,1.1532974,1.1521617,BEARISH,BEARISH,BEARISH,0.33838259747730687,1.153140325262015,1.15365093202634,0.0005106067643250167,-0.00031037695260627274,0.0010800000000000015,1.4188523436400293,0.4537037037035914,HIGH_VOL,42.088091353996816,-4.723728241648175,1.021543924340196,-0.0005106067643250167,0.0,HIGH_VOL,0.13770913770913623,1.4578907587457433,0.0021999999999999797,0.0021599999999999397,0.9818181818181635,16,0.73,0.7599999999999999,DEFENSIVE,0.5,,,,,,,,,,,,,,,,,,,,,,,,,,-1.0,0,SL,0.9090909090909183,-2.045454545454541
v3,EURUSD-2026-06-11 17:30:00+00:00-43,EURUSD,2026-06-11 17:30:00+00:00,SHORT,NEW_YORK,3,0,0.0,1,0.0,0,0.0,bearish_unfilled,NONE,0,0.0012900000000000134,1,0.0,0,0,DISCOUNT,-0.7567562454349004,1.1532252,1.1520116,BEARISH,BEARISH,BEARISH,0.40889982341398823,1.1530079133322992,1.1535763856723658,0.000568472340066517,-0.00040081724283425046,0.0010771428571428718,1.3710337303391358,0.7519893899205994,HIGH_VOL,31.778929188255518,-10.309162165741299,0.9135530401682861,-0.000568472340066517,0.0,HIGH_VOL,0.2019950124688412,1.409323911285427,0.0025999999999999357,0.002154285714285775,0.8285714285714725,16,0.73,0.7599999999999999,DEFENSIVE,0.5,,,,,,,,,,,,,,,,,,,,,,,,,,-1.0,0,SL,0.6153846153846483,-1.8846153846153946
v3,EURUSD-2026-06-18 10:00:00+00:00-44,EURUSD,2026-06-18 10:00:00+00:00,SHORT,LONDON,3,0,0.0,1,0.0,0,0.0,none,NONE,0,0.000220000000000109,0,0.0,0,0,DISCOUNT,-0.7569052409885457,1.1521522,1.1514101,BEARISH,BEARISH,BEARISH,0.44551372640187203,1.1519481727492025,1.152651508546452,0.0007033357972494603,8.814684022606656e-05,0.0006035714285714176,1.329138812426301,1.839053254437811,RANGING,40.0793650793656,-6.357416529829308,2.1091502426038042,-0.0007033357972494603,0.0,RANGING,0.028662420382141958,1.4724910903928188,0.0015899999999999803,0.00120714285714274,0.7592093441149402,16,0.73,0.71,DEFENSIVE,0.5,,,,,,,,,,,,,,,,,,,,,,,,,,0.7592093441149402,1,TP,1.2641509433962843,-0.5345911949684313
v3,EURUSD-2026-06-18 11:00:00+00:00-45,EURUSD,2026-06-18 11:00:00+00:00,SHORT,LONDON,3,1,-1.0,1,0.0,0,0.0,none,NONE,0,0.0004999999999999449,0,0.0,0,0,DISCOUNT,-0.9828317743932156,1.1519546,1.1509993,BEARISH,BEARISH,BEARISH,0.3367352110001082,1.1516580192453187,1.1524196122983035,0.0007615930529847326,-0.0003636453722208888,0.0007392857142857043,1.4980460269214373,1.203864734299611,HIGH_VOL,34.825870646766134,-5.9562522582636035,1.7628908270462127,-0.0007615930529847326,0.0,HIGH_VOL,0.19772403982930073,1.6309219965500623,0.0023100000000000342,0.0014785714285714402,0.6400742115027784,16,0.8400000000000001,0.7599999999999999,DEFENSIVE,0.5,,,,,,,,,,,,,,,,,,,,,,,,,,0.6400742115027784,1,TP,1.0043290043290327,-0.10389610389611013
v3,EURUSD-2026-06-18 11:15:00+00:00-46,EURUSD,2026-06-18 11:15:00+00:00,SHORT,LONDON,3,1,-1.0,1,0.0,1,0.00046999999999997044,bearish_unfilled,BEARISH,0,0.0007900000000000684,0,0.0,0,0,DISCOUNT,-0.8978095636428022,1.1517988000000001,1.1506754000000001,BEARISH,BEARISH,BEARISH,0.41229743248666995,1.1515229697933838,1.1523341373062133,0.0008111675128295026,-0.00042520295581871537,0.0007728571428571307,1.5252325909219295,0.8669131238446789,HIGH_VOL,33.43949044585938,-1.386380200906757,1.461588430373688,-0.0008111675128295026,0.0,HIGH_VOL,0.2893982808023027,1.528906569408128,0.0026000000000001577,0.0015457142857142614,0.5945054945054491,16,0.8400000000000001,0.7599999999999999,DEFENSIVE,0.5,,,,,,,,,,,,,,,,,,,,,,,,,,0.5945054945054491,1,TP,0.7807692307691743,-0.042307692307710705
v3,EURUSD-2026-06-18 11:30:00+00:00-47,EURUSD,2026-06-18 11:30:00+00:00,SHORT,LONDON,3,1,-1.0,1,0.0,1,0.00015999999999993797,bearish_unfilled,BEARISH,0,0.0017800000000001148,0,0.0,0,0,DISCOUNT,-0.9944438919757027,1.151472,1.149996,BEARISH,BEARISH,BEARISH,0.4880741119787419,1.1513064964797282,1.1522131907451854,0.0009066942654571974,-0.0005561360076455912,0.0008278571428571262,1.5725915875169738,1.3408110440034111,HIGH_VOL,29.2072322670373,-4.232258178822079,1.6139118102114491,-0.0009066942654571974,0.0,HIGH_VOL,0.3768844221105581,1.3740987849196007,0.003590000000000204,0.001655714285714316,0.4612017508953264,16,0.95,0.7599999999999999,DEFENSIVE,0.5,,,,,,,,,,,,,,,,,,,,,,,,,,0.4612017508953264,1,TP,0.49582172701944055,-0.01671309192205226
v3,EURUSD-2026-06-18 11:45:00+00:00-48,EURUSD,2026-06-18 11:45:00+00:00,SHORT,LONDON,3,1,-1.0,1,0.0,1,0.0007900000000000684,bearish_unfilled,BEARISH,0,0.002769999999999939,0,0.0,0,0,DISCOUNT,-0.9784013052261731,1.1510806,1.1491822999999999,BEARISH,BEARISH,BEARISH,0.5342163123125768,1.1510163539578493,1.152058163657139,0.0010418096992896864,-0.0008126944831079452,0.0008714285714285548,1.586682273377563,1.262295081967353,HIGH_VOL,27.131782945736816,-2.075449321300482,1.4531460811971055,-0.0010418096992896864,0.0,HIGH_VOL,0.46049661399546504,1.3367188256606974,0.0045800000000000285,0.001742857142857046,0.38053649407358847,16,0.95,0.7599999999999999,DEFENSIVE,0.5,,,,,,,,,,,,,,,,,,,,,,,,,,0.38053649407358847,1,TP,0.4497816593886812,-0.07423580786026307
v3,EURUSD-2026-06-18 13:00:00+00:00-49,EURUSD,2026-06-18 13:00:00+00:00,SHORT,NEW_YORK,3,1,-1.0,1,0.0,0,0.0,none,NONE,0,0.003970000000000029,0,0.0,0,0,DISCOUNT,-0.7409636322398441,1.1503168,1.1475944,BEARISH,BEARISH,BEARISH,0.37177827202142344,1.149668510269133,1.1512512662807197,0.001582756011586639,-0.0013478436887162104,0.0009385714285714235,1.382212170620113,1.640791476408027,HIGH_VOL,13.368983957220067,-0.8154132059020753,1.378666026992564,-0.001582756011586639,0.0,HIGH_VOL,0.49521988527724714,1.1277166954404396,0.005780000000000118,0.0018771428571429105,0.32476520019772875,16,0.8400000000000001,0.7599999999999999,DEFENSIVE,0.5,,,,,,,,,,,,,,,,,,,,,,,,,,-0.02768166089964268,0,hold_limit,0.3010380622837438,-0.23356401384081915
v3,EURUSD-2026-06-18 13:30:00+00:00-50,EURUSD,2026-06-18 13:30:00+00:00,SHORT,NEW_YORK,3,1,-1.0,1,0.0,0,0.0,bearish_unfilled,NONE,0,0.0046800000000000175,0,0.0,0,0,DISCOUNT,-0.954818989512324,1.1503168,1.1475944,BEARISH,BEARISH,BEARISH,0.45708809078085866,1.1491363088597668,1.1509049097808566,0.001768600921089769,-0.0012622031102638154,0.0009371428571428586,1.2732919254658552,1.067073170731825,RANGING,15.492957746479576,-0.24380906324944362,0.9237397058123483,-0.001768600921089769,0.0,RANGING,0.4963235294117712,1.076831275561618,0.006490000000000107,0.0018742857142857172,0.2887959498128947,16,0.95,0.71,DEFENSIVE,0.5,,,,,,,,,,,,,,,,,,,,,,,,,,-0.11248073959936601,0,hold_limit,0.15870570107859314,-0.3174114021571521
v3,EURUSD-2026-06-18 13:45:00+00:00-51,EURUSD,2026-06-18 13:45:00+00:00,SHORT,NEW_YORK,3,1,-1.0,1,0.0,1,5.0000000000105516e-05,bearish_unfilled,BEARISH,0,0.00495000000000001,0,0.0,0,0,DISCOUNT,-0.9622638716215298,1.1502218,1.1473969,BEARISH,BEARISH,BEARISH,0.4554533922560296,1.1488452318255034,1.1507156976325876,0.0018704658070842761,-0.0013381837664292462,0.0009250000000000012,1.212887515219646,0.6918918918918627,RANGING,15.341701534171307,-0.1512562123082688,0.9204207505467673,-0.0018704658070842761,0.0,RANGING,0.47659980897803816,1.0593291523663364,0.006760000000000099,0.0018499999999999073,0.2736686390532367,16,0.95,0.71,DEFENSIVE,0.5,,,,,,,,,,,,,,,,,,,,,,,,,,-0.3772189349112448,0,hold_limit,0.11242603550297083,-0.39497041420117024
v3,EURUSD-2026-06-18 14:00:00+00:00-52,EURUSD,2026-06-18 14:00:00+00:00,SHORT,NEW_YORK,3,1,-1.0,1,0.0,0,0.0,none,NONE,0,0.005049999999999999,1,0.0,0,0,DISCOUNT,-0.937852842414485,1.1501496,1.1472468,BEARISH,BEARISH,BEARISH,0.4393483993669092,1.1485723526040268,1.1505299839999372,0.0019576313959104308,-0.001370737693435986,0.0009264285714285661,1.1779664865355848,1.0038550501155228,RANGING,9.397944199705961,-5.943757334465346,1.1788424510137048,-0.0019576313959104308,0.0,RANGING,0.66950959488274,1.0256335529775478,0.006860000000000088,0.0018528571428571006,0.27009579341939893,16,0.8400000000000001,0.71,DEFENSIVE,0.5,,,,,,,,,,,,,,,,,,,,,,,,,,-0.2711370262390596,0,hold_limit,0.0962099125364572,-0.4052478134110742
v3,EURUSD-2026-06-19 07:00:00+00:00-53,EURUSD,2026-06-19 07:00:00+00:00,SHORT,LONDON,4,1,-1.0,1,0.0,1,1.999999999990898e-05,bearish_unfilled,BEARISH,0,0.0015499999999999403,0,0.0,0,0,DISCOUNT,-0.8074068093282054,1.1455440000000001,1.144437,BEARISH,BEARISH,BEARISH,0.5468172484523172,1.1453079669522777,1.1460962980957423,0.00078833114346466,-0.0005649664069147242,0.0004250000000000563,1.0633544812796756,1.0117647058825776,RANGING,19.602272727275164,-4.842171717168739,1.1984877126654063,-0.00078833114346466,0.0,RANGING,0.4513274336283151,1.156471007924352,0.0024399999999999977,0.0008500000000000174,0.34836065573771235,16,0.95,0.71,DEFENSIVE,0.5,,,,,,,,,,,,,,,,,,,,,,,,,,0.34836065573771235,1,TP,0.5737704918033071,-0.09016393442618326
v3,EURUSD-2026-06-19 07:15:00+00:00-54,EURUSD,2026-06-19 07:15:00+00:00,SHORT,LONDON,4,1,-1.0,1,0.0,1,1.999999999990898e-05,bearish_unfilled,BEARISH,0,0.0017100000000001003,1,0.0,0,0,DISCOUNT,-0.8505332024674513,1.1455022,1.1443501,BEARISH,BEARISH,BEARISH,0.6119966445371519,1.1451805415282512,1.1460129138566937,0.0008323723284424656,-0.0006121124633990949,0.0004314285714286381,1.0805008944544758,0.9039735099338958,RANGING,19.220055710307534,-0.3822170169676298,1.01217876213273,-0.0008323723284424656,0.0,RANGING,0.45614035087722116,1.075220849339212,0.0026000000000001577,0.0008628571428572762,0.33186813186816305,16,0.95,0.71,DEFENSIVE,0.5,,,,,,,,,,,,,,,,,,,,,,,,,,0.33186813186816305,1,TP,0.47692307692301256,-0.14615384615385535
v3,EURUSD-2026-06-19 07:30:00+00:00-55,EURUSD,2026-06-19 07:30:00+00:00,SHORT,LONDON,4,1,-1.0,1,0.0,0,0.0,none,NONE,0,0.002120000000000122,0,0.0,0,0,DISCOUNT,-0.9737698532657894,1.1454110000000002,1.1441605000000001,BEARISH,BEARISH,BEARISH,0.5918287265406508,1.1450262042398465,1.1459167211564312,0.0008905169165847049,-0.0006309588954562795,0.0004671428571429199,1.160397444996521,1.776758409785451,RANGING,17.647058823530088,-1.572996886777446,1.174649888370205,-0.0008905169165847049,0.0,RANGING,0.49284253578734205,1.1672370344859957,0.003010000000000179,0.0009342857142857763,0.31039392501186736,16,0.95,0.71,DEFENSIVE,0.5,,,,,,,,,,,,,,,,,,,,,,,,,,0.31039392501186736,1,TP,0.4186046511627049,-0.0033222591362341916
v3,EURUSD-2026-06-19 07:45:00+00:00-56,EURUSD,2026-06-19 07:45:00+00:00,SHORT,LONDON,4,1,-1.0,1,0.0,1,0.00018999999999991246,bearish_unfilled,BEARISH,0,0.002809999999999979,0,0.0,0,0,DISCOUNT,-0.927082850477664,1.1451108,1.1435364000000001,BEARISH,BEARISH,BEARISH,0.6646034912479308,1.1448208514550993,1.1457972418953948,0.0009763904402955159,-0.0007365818577937944,0.0005085714285714772,1.2469352014010722,1.6516853932581743,RANGING,14.254385964912771,-3.392672858617317,1.2340079374861341,-0.0009763904402955159,0.0,RANGING,0.5449541284403785,1.1774146482219863,0.0037000000000000366,0.0010171428571430496,0.27490347490352424,16,0.95,0.71,DEFENSIVE,0.5,,,,,,,,,,,,,,,,,,,,,,,,,,0.27490347490352424,1,TP,0.2972972972973216,-0.013513513513481885
v3,EURUSD-2026-06-19 08:00:00+00:00-57,EURUSD,2026-06-19 08:00:00+00:00,SHORT,LONDON,4,1,-1.0,1,0.0,1,0.000600000000000156,bearish_unfilled,BEARISH,0,0.0032000000000000917,0,0.0,0,0,DISCOUNT,-0.9156904376157917,1.1449474000000002,1.1431967,BEARISH,BEARISH,BEARISH,0.6939507947026633,1.1445979132212802,1.1456671539779284,0.0010692407566481599,-0.0008340502522896642,0.0005271428571428847,1.2760439180426721,1.1761517615172556,RANGING,14.038876889849249,-0.21550907506352246,1.7631105244209768,-0.0010692407566481599,0.0,RANGING,0.67883211678832,1.2377807537417174,0.004090000000000149,0.0010542857142856743,0.25777156828499653,16,0.95,0.71,DEFENSIVE,0.5,,,,,,,,,,,,,,,,,,,,,,,,,,-1.0,0,SL,0.1735941320293307,-1.007334963325177
v3,EURUSD-2026-06-19 08:15:00+00:00-58,EURUSD,2026-06-19 08:15:00+00:00,SHORT,LONDON,4,1,-1.0,1,0.0,1,0.00021000000000004349,bearish_unfilled,BEARISH,0,0.003430000000000044,0,0.0,0,0,DISCOUNT,-0.7999996666667871,1.144746,1.142778,BEARISH,BEARISH,BEARISH,0.6761701222063039,1.144374302438301,1.1455331479395783,0.0011588455012772059,-0.0009336645139765842,0.0005350000000000314,1.2791392707710405,1.4018691588784755,RANGING,14.90825688073437,0.8693799908851219,1.5128127404574814,-0.0011588455012772059,0.0,RANGING,0.6851520572450824,1.2743575613263207,0.0043200000000001015,0.0010700000000001264,0.24768518518520863,16,0.95,0.71,DEFENSIVE,0.5,,,,,,,,,,,,,,,,,,,,,,,,,,-1.0,0,SL,0.0902777777777503,-1.0069444444444384
v3,EURUSD-2026-06-19 08:30:00+00:00-59,EURUSD,2026-06-19 08:30:00+00:00,SHORT,LONDON,4,0,0.0,1,0.0,0,0.0,bearish_unfilled,NONE,0,0.0033600000000000296,0,0.0,0,0,DISCOUNT,-0.7664540269833953,1.1446901999999999,1.1427591,BEARISH,BEARISH,BEARISH,0.557660216569019,1.1441786545870343,1.1454071421380263,0.0012284875509920301,-0.001001886941216945,0.0005657142857142963,1.3236400100274957,1.3257575757572087,RANGING,15.681818181819338,0.7735613010849676,1.3097694035666803,-0.0012284875509920301,0.0,RANGING,0.7221206581352534,1.2818474082491151,0.004250000000000087,0.001131428571428561,0.2662184873949501,16,0.8400000000000001,0.71,DEFENSIVE,0.5,,,,,,,,,,,,,,,,,,,,,,,,,,-1.0,0,SL,0.004705882352919664,-1.0070588235294056
v3,EURUSD-2026-06-19 08:45:00+00:00-60,EURUSD,2026-06-19 08:45:00+00:00,SHORT,LONDON,4,0,0.0,1,0.0,0,0.0,none,NONE,0,0.0025999999999999357,0,0.0,0,0,DISCOUNT,-0.4279474113766445,1.1446096,1.1427318,BEARISH,BEARISH,BEARISH,0.41241324569394,1.1440740208168405,1.1453158816620252,0.001241860845184739,-0.0009521834230059589,0.0005992857142857229,1.3674517154265302,1.802145411203738,HIGH_VOL,22.384937238495297,6.703119056675959,1.2196223687776673,-0.001241860845184739,0.0,HIGH_VOL,0.5048859934853015,1.29722323969206,0.0033999999999998476,0.0011985714285713822,0.35252100840336353,16,0.6200000000000001,0.7599999999999999,LOCKDOWN,0.0,,,,,,,,,,,,,,,,,,,,,,,,,,-1.0,0,SL,0.052941176470610904,-1.0352941176470958
v3,EURUSD-2026-06-19 11:00:00+00:00-REJECT,EURUSD,2026-06-19 11:00:00+00:00,SHORT,LONDON,4,0,0.0,1,0.0,0,0.0,bullish_unfilled,NONE,0,0.0006900000000000794,1,0.0,0,0,PREMIUM,0.7037033313738291,1.1441136,1.1425638,BEARISH,BEARISH,BEARISH,0.4799790037110299,1.1442410435943546,1.1450019919980639,0.0007609484037092162,0.0002893059599762271,0.0007435714285713832,1.2774573567307856,1.2372718539866698,RANGING,65.11627906976679,8.032945736433845,1.121927476271599,-0.0007609484037092162,0.0,RANGING,0.0059880239521013815,1.0963831605666605,0.0004900000000001015,0.001487142857142798,3.034985422739776,16,0.73,0.95,LOCKDOWN,0.0,,,,,,,,,,,,,,,,,,,,,,,,,,0.0,0,ML_FILTER_REJECTED,0.0,0.0
v3,EURUSD-2026-06-22 10:15:00+00:00-REJECT,EURUSD,2026-06-22 10:15:00+00:00,SHORT,LONDON,0,0,0.0,1,0.0,0,0.0,none,NONE,0,0.00011999999999989797,0,0.0,0,0,DISCOUNT,-0.9268281380145319,1.1461568,1.1454844,BEARISH,BEARISH,BEARISH,0.45833333533940623,1.1458342255372775,1.1461167971976214,0.0002825716603438444,-0.00011024911863111164,0.0005442857142857749,1.0994877714450755,1.7086614173228234,RANGING,44.26229508196671,-6.68110114444746,1.3898096992019644,-0.0002825716603438444,0.0,RANGING,0.225672877846793,1.2276589698584264,0.0015799999999999148,0.0010885714285715498,0.6889692585896257,16,0.8400000000000001,0.95,LOCKDOWN,0.0,,,,,,,,,,,,,,,,,,,,,,,,,,0.0,0,ML_FILTER_REJECTED,0.0,0.0
v3,EURUSD-2026-06-22 10:30:00+00:00-REJECT,EURUSD,2026-06-22 10:30:00+00:00,SHORT,LONDON,0,1,-1.0,1,0.0,1,0.0006200000000000649,bearish_unfilled,BEARISH,0,0.0006999999999999229,0,0.0,0,0,DISCOUNT,-0.8620682223550402,1.1458983999999999,1.1449472,BEARISH,BEARISH,BEARISH,0.5776602326399685,1.1457185850099179,1.146058099268303,0.0003395142583850763,-0.0002149872978089995,0.0005578571428571972,1.1224489795918284,1.3265044814338631,RANGING,39.32038834951555,-4.941906732451166,1.4970535964830232,-0.0003395142583850763,0.0,RANGING,0.3720930232557789,1.2978300791588473,0.0021599999999999397,0.001115714285714331,0.5165343915344269,16,0.95,0.95,LOCKDOWN,0.0,,,,,,,,,,,,,,,,,,,,,,,,,,0.0,0,ML_FILTER_REJECTED,0.0,0.0
v3,EURUSD-2026-06-22 10:45:00+00:00-REJECT,EURUSD,2026-06-22 10:45:00+00:00,SHORT,LONDON,0,1,-1.0,1,0.0,1,0.00028999999999990145,bearish_unfilled,BEARISH,0,0.0007399999999999629,1,0.0,0,0,DISCOUNT,-0.859648368729573,1.1458336,1.1448988,BEARISH,BEARISH,BEARISH,0.6068142978338772,1.1456101483423067,1.1460001345911146,0.00038998624880792754,-0.00027260755516045343,0.0005685714285714896,1.1388511338436174,0.8618090452262166,RANGING,38.19951338199426,-1.1208749675212886,1.2930257704090828,-0.00038998624880792754,0.0,RANGING,0.3769230769230467,1.2938414921560477,0.0021999999999999797,0.0011371428571429476,0.5168831168831628,16,0.95,0.95,LOCKDOWN,0.0,,,,,,,,,,,,,,,,,,,,,,,,,,0.0,0,ML_FILTER_REJECTED,0.0,0.0
v3,EURUSD-2026-06-22 11:00:00+00:00-REJECT,EURUSD,2026-06-22 11:00:00+00:00,SHORT,LONDON,0,1,-1.0,1,0.0,0,0.0,bearish_unfilled,NONE,0,0.0009599999999998499,0,0.0,0,0,DISCOUNT,-0.8181811419989895,1.1456404,1.1446482,BEARISH,BEARISH,BEARISH,0.5785118203681054,1.1454910865954202,1.1459358155875414,0.00044472899212122385,-0.00040474016895486464,0.0005900000000000587,1.1736288718385683,0.9830508474575717,RANGING,35.96287703016402,-2.236636351830235,1.3971783940579263,-0.00044472899212122385,0.0,RANGING,0.37451737451735534,1.2943096384658639,0.0023400000000000087,0.001180000000000181,0.5042735042735798,16,0.95,0.95,LOCKDOWN,0.0,,,,,,,,,,,,,,,,,,,,,,,,,,0.0,0,ML_FILTER_REJECTED,0.0,0.0
v3,EURUSD-2026-06-22 13:45:00+00:00-REJECT,EURUSD,2026-06-22 13:45:00+00:00,SHORT,NEW_YORK,0,0,0.0,1,0.0,0,0.0,bullish_unfilled,NONE,0,0.00026999999999999247,0,0.0,0,0,PREMIUM,0.3273539664986455,1.1455226,1.1446083,BEARISH,BEARISH,BEARISH,0.43994046463182984,1.1456085507986702,1.1458205449063028,0.00021199410763261817,0.00017345558422254825,0.0006978571428571469,1.0941262108739922,0.6305015353121707,RANGING,55.585106382979575,6.7533306820447905,0.7899384356380081,-0.00021199410763261817,0.0,RANGING,0.031509121061381117,0.9247248319719208,0.0007500000000000284,0.001395714285714389,1.860952380952448,16,0.73,0.95,LOCKDOWN,0.0,,,,,,,,,,,,,,,,,,,,,,,,,,0.0,0,ML_FILTER_REJECTED,0.0,0.0
v3,EURUSD-2026-06-22 14:00:00+00:00-REJECT,EURUSD,2026-06-22 14:00:00+00:00,SHORT,NEW_YORK,0,0,0.0,1,0.0,0,0.0,bullish_unfilled,NONE,0,3.999999999981796e-05,0,0.0,0,0,PREMIUM,0.02242150455465264,1.1455226,1.1446083,BEARISH,BEARISH,BEARISH,0.4774354474910685,1.1455772602464158,1.14579934706684,0.00022208682042412775,0.00010741219524890155,0.000701428571428583,1.0796547743389027,1.1262729124237043,RANGING,59.37500000000099,3.789893617021413,1.3720411188765618,-0.00022208682042412775,0.0,RANGING,0.060162601626012266,0.9056044499981738,0.0010900000000000354,0.0014028571428572612,1.2870249017038675,16,0.73,0.95,LOCKDOWN,0.0,,,,,,,,,,,,,,,,,,,,,,,,,,0.0,0,ML_FILTER_REJECTED,0.0,0.0
v3,EURUSD-2026-06-22 14:15:00+00:00-REJECT,EURUSD,2026-06-22 14:15:00+00:00,SHORT,NEW_YORK,0,0,0.0,1,0.0,1,0.00017000000000000348,bearish_unfilled,BEARISH,0,0.00010999999999983245,0,0.0,0,0,DISCOUNT,-0.040358708198526036,1.1455226,1.1446083,BEARISH,BEARISH,BEARISH,0.4841045263000797,1.1455422830800905,1.14577623541716,0.00023395233706935414,7.658652844133584e-06,0.0006985714285714373,1.0579263345772645,0.6441717791411843,RANGING,58.87323943662115,-0.5017605633798397,0.7613619516694945,-0.00023395233706935414,0.0,RANGING,0.10264900662248601,0.8904277192828702,0.0011600000000000499,0.0013971428571428746,1.204433497536909,16,0.73,0.95,LOCKDOWN,0.0,,,,,,,,,,,,,,,,,,,,,,,,,,0.0,0,ML_FILTER_REJECTED,0.0,0.0
v3,EURUSD-2026-06-22 16:00:00+00:00-REJECT,EURUSD,2026-06-22 16:00:00+00:00,SHORT,NEW_YORK,0,0,0.0,1,0.0,1,0.00026999999999999247,bearish_unfilled,BEARISH,0,0.00026999999999999247,1,0.0,0,0,DISCOUNT,-0.3475174840301923,1.1452984000000002,1.1441422,BEARISH,BEARISH,BEARISH,0.49644072972597536,1.1454703042682735,1.1456878529126702,0.0002175486443967145,8.707461215395895e-06,0.0007392857142856883,1.0492168888437747,2.6512077294686405,RANGING,38.63179074446758,-7.857313371756163,2.2704947242837883,-0.0002175486443967145,0.0,RANGING,0.01615271659325327,1.1366928571522457,0.0019000000000000128,0.0014785714285714402,0.7781954887218054,16,0.8400000000000001,0.95,LOCKDOWN,0.0,,,,,,,,,,,,,,,,,,,,,,,,,,0.0,0,ML_FILTER_REJECTED,0.0,0.0
v3,EURUSD-2026-06-22 16:15:00+00:00-REJECT,EURUSD,2026-06-22 16:15:00+00:00,SHORT,NEW_YORK,0,1,-1.0,1,0.0,1,0.001000000000000112,bearish_unfilled,BEARISH,0,0.0011200000000000099,1,0.0,0,0,DISCOUNT,-0.9031135618591162,1.1452718000000002,1.1440869,BEARISH,BEARISH,BEARISH,0.5752696442921266,1.1452940848141522,1.1456067606415852,0.0003126758274329955,-0.0001902170589003216,0.0007607142857142575,1.0708360565079125,1.3145539906102326,RANGING,30.604982206406135,-8.026808538061445,1.2778644586223409,-0.0003126758274329955,0.0,RANGING,0.16504854368932517,1.2050981026820518,0.00275000000000003,0.0015214285714284514,0.5532467532467036,16,0.95,0.95,LOCKDOWN,0.0,,,,,,,,,,,,,,,,,,,,,,,,,,0.0,0,ML_FILTER_REJECTED,0.0,0.0
v3,EURUSD-2026-06-22 16:30:00+00:00-REJECT,EURUSD,2026-06-22 16:30:00+00:00,SHORT,NEW_YORK,0,1,-1.0,1,0.0,0,0.0,bearish_unfilled,NONE,0,0.0012300000000000644,1,0.0,0,0,DISCOUNT,-0.9130428675298804,1.1452338000000002,1.1440079,BEARISH,BEARISH,BEARISH,0.6055444173901994,1.1451241719747092,1.145524534734072,0.0004003627593627268,-0.00040829162471922587,0.0007742857142856797,1.0835665733705935,1.1881918819189135,RANGING,25.464684014868837,-5.140298191537298,1.532853339787028,-0.0004003627593627268,0.0,RANGING,0.1673582295988878,1.211289999631573,0.0028600000000000847,0.0015485714285714547,0.5414585414585346,16,0.95,0.95,LOCKDOWN,0.0,,,,,,,,,,,,,,,,,,,,,,,,,,0.0,0,ML_FILTER_REJECTED,0.0,0.0
v3,EURUSD-2026-06-22 16:45:00+00:00-REJECT,EURUSD,2026-06-22 16:45:00+00:00,SHORT,NEW_YORK,0,1,-1.0,1,0.0,0,0.0,bearish_unfilled,NONE,0,0.0018700000000000383,0,0.0,0,0,DISCOUNT,-0.9444439197533848,1.145002,1.143526,BEARISH,BEARISH,BEARISH,0.5650902677498172,1.1449094889294988,1.1454204353327357,0.0005109464032369004,-0.000675120993793632,0.0008142857142856881,1.1307841095074727,1.2403508771929677,RANGING,23.220338983049473,-2.244345031819364,1.4142873997168475,-0.0005109464032369004,0.0,RANGING,0.2977303070761043,1.270907909436751,0.0035000000000000586,0.0016285714285713127,0.46530612244893865,16,0.95,0.95,LOCKDOWN,0.0,,,,,,,,,,,,,,,,,,,,,,,,,,0.0,0,ML_FILTER_REJECTED,0.0,0.0
v3,EURUSD-2026-06-22 17:00:00+00:00-REJECT,EURUSD,2026-06-22 17:00:00+00:00,SHORT,NEW_YORK,0,1,-1.0,1,0.0,0,0.0,bearish_unfilled,NONE,0,0.0012600000000000389,1,0.0,0,0,DISCOUNT,-0.5210523573408855,1.144926,1.1433680000000002,BEARISH,BEARISH,BEARISH,0.44547552255489026,1.1447733471266894,1.1453443398294914,0.0005709927028019202,-0.0008022523277182447,0.0008671428571428283,1.1955290757791714,1.5799011532124247,RANGING,31.27962085307989,8.059281870030418,1.740522014983501,-0.0005709927028019202,0.0,RANGING,0.31529093369418276,1.3761783594860395,0.002890000000000059,0.0017342857142856882,0.6000988630746203,16,0.8400000000000001,0.95,LOCKDOWN,0.0,,,,,,,,,,,,,,,,,,,,,,,,,,0.0,0,ML_FILTER_REJECTED,0.0,0.0
v3,EURUSD-2026-06-23 07:30:00+00:00-REJECT,EURUSD,2026-06-23 07:30:00+00:00,SHORT,LONDON,1,0,0.0,1,0.0,1,0.00012000000000012001,bearish_unfilled,BEARISH,0,0.0022500000000000853,0,0.0,0,0,DISCOUNT,-0.05970140343080545,1.1426908,1.1421414,BEARISH,BEARISH,BEARISH,0.5171521457130774,1.1426697682144018,1.1429665604299526,0.0002967922155507896,3.6590668246461178e-06,0.0003921428571428568,1.1589613679543673,0.6630236794169363,RANGING,53.41880341880209,6.248992098049115,0.6693177999327882,-0.0002967922155507896,0.0,RANGING,0.04087193460492969,1.0244174920018883,0.0007099999999999884,0.0007842857142856818,1.1046277665995698,16,0.73,0.95,LOCKDOWN,0.0,,,,,,,,,,,,,,,,,,,,,,,,,,0.0,0,ML_FILTER_REJECTED,0.0,0.0
v3,EURUSD-2026-06-23 07:45:00+00:00-REJECT,EURUSD,2026-06-23 07:45:00+00:00,SHORT,LONDON,1,0,0.0,1,0.0,0,0.0,bearish_unfilled,NONE,0,0.0026399999999999757,0,0.0,0,0,DISCOUNT,-0.641790086880413,1.1426908,1.1421414,BEARISH,BEARISH,BEARISH,0.5568442219155879,1.1426155045749349,1.1429325776679937,0.00031707309305883946,-5.287989192059861e-05,0.00041571428571428114,1.2118688183237432,1.4673539518900491,RANGING,44.981412639405086,-8.437390779397006,0.7165273419057406,-0.00031707309305883946,0.0,RANGING,0.1471321695760245,1.088620136099197,0.0010999999999998789,0.0008314285714285941,0.7558441558442597,16,0.8400000000000001,0.95,LOCKDOWN,0.0,,,,,,,,,,,,,,,,,,,,,,,,,,0.0,0,ML_FILTER_REJECTED,0.0,0.0
v3,EURUSD-2026-06-23 08:00:00+00:00-REJECT,EURUSD,2026-06-23 08:00:00+00:00,SHORT,LONDON,1,0,0.0,1,0.0,1,2.999999999997449e-05,bearish_unfilled,BEARISH,0,0.0026399999999999757,0,0.0,0,0,DISCOUNT,-0.641790086880413,1.1426908,1.1421414,BEARISH,BEARISH,BEARISH,0.5744918525766171,1.1425664089011316,1.1428999275633664,0.00033351866223485516,-0.00012974847364244368,0.000422142857142863,1.2166752444673012,1.0186125211509394,RANGING,41.5019762845861,-3.4794363548189864,1.1132159572097169,-0.00033351866223485516,0.0,RANGING,0.04201680672265249,1.1254371404266712,0.0010999999999998789,0.0008442857142856308,0.7675324675324762,16,0.8400000000000001,0.95,LOCKDOWN,0.0,,,,,,,,,,,,,,,,,,,,,,,,,,0.0,0,ML_FILTER_REJECTED,0.0,0.0
v3,EURUSD-2026-06-23 08:15:00+00:00-REJECT,EURUSD,2026-06-23 08:15:00+00:00,SHORT,LONDON,1,0,0.0,1,0.0,0,0.0,none,NONE,0,0.0022999999999999687,0,0.0,0,0,DISCOUNT,-0.1343281577190637,1.1426908,1.1421414,BEARISH,BEARISH,BEARISH,0.48324726821716824,1.1425543699581666,1.1428818911883325,0.00032752123016588364,-0.00014786766662888695,0.0004171428571428461,1.1895305020877278,1.0308219178080797,RANGING,45.78754578754651,4.2855695029604135,0.9157519440779316,-0.00032752123016588364,0.0,RANGING,0.02762430939219945,1.118071571013462,0.0007599999999998719,0.0008342857142857873,1.0977443609025368,16,0.8400000000000001,0.95,LOCKDOWN,0.0,,,,,,,,,,,,,,,,,,,,,,,,,,0.0,0,ML_FILTER_REJECTED,0.0,0.0
v3,EURUSD-2026-06-23 09:30:00+00:00-REJECT,EURUSD,2026-06-23 09:30:00+00:00,SHORT,LONDON,1,0,0.0,1,0.0,0,0.0,none,NONE,0,0.0025400000000002088,0,0.0,0,0,DISCOUNT,-0.4925365783038964,1.1426908,1.1421414,BEARISH,BEARISH,BEARISH,0.4513714881725588,1.1424987615974842,1.1427968332939642,0.00029807169647999565,-5.560836068241315e-05,0.00048071428571427877,1.2186509732910455,1.4353640416044788,RANGING,45.3531598512997,-6.561733765724789,1.5326385648364182,-0.00029807169647999565,0.0,RANGING,0.08571428571432527,1.1085479693747042,0.001000000000000112,0.0009614285714285575,0.96142857142845,16,0.8400000000000001,0.95,LOCKDOWN,0.0,,,,,,,,,,,,,,,,,,,,,,,,,,0.0,0,ML_FILTER_REJECTED,0.0,0.0
v3,EURUSD-2026-06-23 09:45:00+00:00-REJECT,EURUSD,2026-06-23 09:45:00+00:00,SHORT,LONDON,1,0,0.0,1,0.0,0,0.0,none,NONE,0,0.0024399999999999977,0,0.0,0,0,DISCOUNT,-0.34328306972671707,1.1426908,1.1421414,BEARISH,BEARISH,BEARISH,0.4764331234880247,1.1424798319215332,1.1427773496353775,0.00029751771384423087,-5.316946918898502e-05,0.0004692857142856959,1.1651001950699897,1.3211567732112848,RANGING,45.35315985130422,4.519051799434237e-12,1.4783684834734183,-0.00029751771384423087,0.0,RANGING,0.0971128608923756,1.153466414861945,0.0008999999999999009,0.0009385714285714553,1.0428571428572873,16,0.8400000000000001,0.95,LOCKDOWN,0.0,,,,,,,,,,,,,,,,,,,,,,,,,,0.0,0,ML_FILTER_REJECTED,0.0,0.0
v3,EURUSD-2026-06-23 10:30:00+00:00-REJECT,EURUSD,2026-06-23 10:30:00+00:00,SHORT,LONDON,1,1,-1.0,1,0.0,0,0.0,none,NONE,0,0.0014600000000002389,0,2.9842829076621973,0,1,DISCOUNT,-0.7132347696804029,1.1428864,1.1417712,BEARISH,BEARISH,BEARISH,0.44251911159176976,1.1425498463610622,1.1427776810371015,0.00022783467603937346,1.9636174369175308e-05,0.000727142857142831,1.632456703014701,3.5206286836935,HIGH_VOL,39.75481611208324,-20.94037105369076,1.8852599179206568,-0.00022783467603937346,0.0,HIGH_VOL,0.19068413391559172,1.5923337484951214,0.0023300000000001653,0.0014542857142856302,0.6241569589208271,16,0.6200000000000001,0.95,LOCKDOWN,0.0,,,,,,,,,,,,,,,,,,,,,,,,,,0.0,0,ML_FILTER_REJECTED,0.0,0.0
v3,EURUSD-2026-06-23 10:45:00+00:00-REJECT,EURUSD,2026-06-23 10:45:00+00:00,SHORT,LONDON,1,1,-1.0,1,0.0,1,0.0012199999999999989,bearish_unfilled,BEARISH,0,0.0018700000000000383,0,0.0,0,0,DISCOUNT,-0.8026310509006418,1.1427648000000001,1.1415184,BEARISH,BEARISH,BEARISH,0.5369645720264945,1.1424193848028659,1.1427150268787838,0.00029564207591792346,-7.937679461833547e-05,0.0007692857142856946,1.6467889908256594,1.234911792014896,HIGH_VOL,38.34459459459498,-1.4102215174882602,1.403269190978688,-0.00029564207591792346,0.0,HIGH_VOL,0.20114942528733834,1.612742735915803,0.0027399999999999647,0.0015385714285713892,0.5615224191866456,16,0.8400000000000001,0.95,LOCKDOWN,0.0,,,,,,,,,,,,,,,,,,,,,,,,,,0.0,0,ML_FILTER_REJECTED,0.0,0.0
v3,EURUSD-2026-06-23 11:00:00+00:00-REJECT,EURUSD,2026-06-23 11:00:00+00:00,SHORT,LONDON,1,1,-1.0,1,0.0,0,0.0,bearish_unfilled,NONE,0,0.0016800000000001258,0,0.0,0,0,DISCOUNT,-0.6776311331374846,1.1427648000000001,1.1415184,BEARISH,BEARISH,BEARISH,0.5941286550933894,1.142319443393069,1.1426622807266746,0.00034283733360562785,-0.00016038852846422813,0.0008057142857142827,1.6462346760070143,0.9556737588654497,HIGH_VOL,40.728476821191705,2.383882226596725,1.709115940603796,-0.00034283733360562785,0.0,HIGH_VOL,0.15384615384615385,1.5910451545373647,0.0025500000000000522,0.001611428571428597,0.6319327731092408,16,0.8400000000000001,0.95,LOCKDOWN,0.0,,,,,,,,,,,,,,,,,,,,,,,,,,0.0,0,ML_FILTER_REJECTED,0.0,0.0
v3,EURUSD-2026-06-23 11:15:00+00:00-REJECT,EURUSD,2026-06-23 11:15:00+00:00,SHORT,LONDON,1,1,-1.0,1,0.0,0,0.0,bearish_unfilled,NONE,0,0.0022600000000001508,0,0.0,0,0,DISCOUNT,-0.8144922814538194,1.142609,1.1411945000000001,BEARISH,BEARISH,BEARISH,0.5229847575450415,1.1421737821175386,1.1425888579530796,0.00041507583554101224,-0.0003603515257535328,0.000830714285714272,1.6263459655992087,1.1556319862423148,HIGH_VOL,39.48635634028769,-1.2421204809040134,1.4361196639677654,-0.00041507583554101224,0.0,HIGH_VOL,0.23466666666666952,1.6107819758660977,0.003130000000000077,0.0016614285714284804,0.530807850296626,16,0.8400000000000001,0.95,LOCKDOWN,0.0,,,,,,,,,,,,,,,,,,,,,,,,,,0.0,0,ML_FILTER_REJECTED,0.0,0.0
v3,EURUSD-2026-06-23 11:30:00+00:00-REJECT,EURUSD,2026-06-23 11:30:00+00:00,SHORT,LONDON,1,1,-1.0,1,0.0,1,8.999999999992347e-05,bearish_unfilled,BEARISH,0,0.0023800000000000487,1,0.0,0,0,DISCOUNT,-0.8678155932093347,1.1425976,1.1411707999999998,BEARISH,BEARISH,BEARISH,0.4908776639941436,1.1420305647730111,1.1425136086215864,0.0004830438485752264,-0.0006203180471102687,0.0008328571428571273,1.564680622651628,0.5523156089195453,HIGH_VOL,38.74015748031437,-0.7461988599733189,1.2587851174115954,-0.0004830438485752264,0.0,HIGH_VOL,0.27005347593582746,1.5669781669831317,0.003249999999999975,0.0016657142857141594,0.5125274725274376,16,0.8400000000000001,0.95,LOCKDOWN,0.0,,,,,,,,,,,,,,,,,,,,,,,,,,0.0,0,ML_FILTER_REJECTED,0.0,0.0
v3,EURUSD-2026-06-23 11:45:00+00:00-REJECT,EURUSD,2026-06-23 11:45:00+00:00,SHORT,LONDON,1,0,0.0,1,0.0,0,0.0,bearish_unfilled,NONE,0,0.0022200000000001108,0,0.0,0,0,DISCOUNT,-0.7758616230679778,1.1425976,1.1411707999999998,BEARISH,BEARISH,BEARISH,0.45019032003676557,1.1419162252708195,1.1424475847540732,0.0005313594832536683,-0.0006336210902426753,0.0008299999999999816,1.5002259376412006,0.4698795180721676,HIGH_VOL,36.952998379253096,-1.7871591010612775,1.0705796143053743,-0.0005313594832536683,0.0,HIGH_VOL,0.2890094979647307,1.4662596967719828,0.003090000000000037,0.0016599999999999948,0.5372168284789562,16,0.73,0.95,LOCKDOWN,0.0,,,,,,,,,,,,,,,,,,,,,,,,,,0.0,0,ML_FILTER_REJECTED,0.0,0.0
v3,EURUSD-2026-06-23 13:15:00+00:00-REJECT,EURUSD,2026-06-23 13:15:00+00:00,SHORT,NEW_YORK,1,0,0.0,1,0.0,0,0.0,none,NONE,0,0.0025600000000001177,0,0.0,0,0,DISCOUNT,-0.9712638096184408,1.1425976,1.1411707999999998,BEARISH,BEARISH,BEARISH,0.4550247138278997,1.1414267100091908,1.142105819695722,0.0006791096865310653,-0.00039844618821738287,0.0008114285714285423,1.1991344276138607,0.751760563380308,RANGING,35.61208267090477,-2.7485730668003256,0.8502801492048132,-0.0006791096865310653,0.0,RANGING,0.2645861601085607,0.688442558806847,0.003430000000000044,0.001622857142857148,0.47313619325280676,16,0.8400000000000001,0.95,LOCKDOWN,0.0,,,,,,,,,,,,,,,,,,,,,,,,,,0.0,0,ML_FILTER_REJECTED,0.0,0.0
v3,EURUSD-2026-06-23 13:30:00+00:00-REJECT,EURUSD,2026-06-23 13:30:00+00:00,SHORT,NEW_YORK,1,0,0.0,1,0.0,0,0.0,none,NONE,0,0.0025500000000000522,1,0.0,0,0,DISCOUNT,-0.9213477969955987,1.1425672,1.1411076,BEARISH,BEARISH,BEARISH,0.5264799533102065,1.1413384519130774,1.142042846374321,0.000704394461243707,-0.0004052608369586874,0.000743571428571399,1.0730299438231086,0.49759846301632527,RANGING,27.02702702702541,-8.585055643879357,0.8320983080153143,-0.000704394461243707,0.0,RANGING,0.25171939477303584,0.6426350292219345,0.0034199999999999786,0.001487142857142798,0.43483709273181503,16,0.8400000000000001,0.95,LOCKDOWN,0.0,,,,,,,,,,,,,,,,,,,,,,,,,,0.0,0,ML_FILTER_REJECTED,0.0,0.0
v3,EURUSD-2026-06-23 13:45:00+00:00-REJECT,EURUSD,2026-06-23 13:45:00+00:00,SHORT,NEW_YORK,1,1,-1.0,1,0.0,0,0.0,none,NONE,0,0.0029800000000002047,0,0.0,0,0,DISCOUNT,-0.7539859890724682,1.1422518,1.1404519,BEARISH,BEARISH,BEARISH,0.5697839763034783,1.1412176469689748,1.141965479849838,0.0007478328808632195,-0.0004380931382006459,0.0007564285714285468,1.066304183658055,1.388101983002872,RANGING,14.990512333966834,-12.036514693058578,1.0947655480645406,-0.0007478328808632195,0.0,RANGING,0.29074315514994686,0.6658820288979903,0.003850000000000131,0.0015128571428570936,0.39294990723559536,16,0.95,0.95,LOCKDOWN,0.0,,,,,,,,,,,,,,,,,,,,,,,,,,0.0,0,ML_FILTER_REJECTED,0.0,0.0
v3,EURUSD-2026-06-23 16:45:00+00:00-REJECT,EURUSD,2026-06-23 16:45:00+00:00,SHORT,NEW_YORK,1,0,0.0,1,0.0,0,0.0,none,NONE,0,0.004090000000000149,0,0.0,0,0,DISCOUNT,-0.5379534402947894,1.1401386,1.1388963,BEARISH,BEARISH,BEARISH,0.45178220563785537,1.1396875107945181,1.1408516707565706,0.0011641599620524357,-0.0003955752627848863,0.0008000000000000071,1.1136521825594463,1.4875000000000174,RANGING,35.70093457944064,-3.4384096828570776,1.353896103896104,-0.0011641599620524357,0.0,RANGING,0.28549618320607156,1.2721114027859666,0.0023299999999999432,0.0016000000000000458,0.6866952789699935,16,0.8400000000000001,0.95,LOCKDOWN,0.0,,,,,,,,,,,,,,,,,,,,,,,,,,0.0,0,ML_FILTER_REJECTED,0.0,0.0
v3,EURUSD-2026-06-23 17:00:00+00:00-REJECT,EURUSD,2026-06-23 17:00:00+00:00,SHORT,NEW_YORK,1,0,0.0,1,0.0,0,0.0,none,NONE,0,0.0046000000000001595,0,0.0,0,0,DISCOUNT,-0.8745868814608566,1.1401386,1.1388963,BEARISH,BEARISH,BEARISH,0.5392627049865488,1.1395696526236117,1.1407574875896462,0.0011878349660345844,-0.0003988538091863614,0.0008257142857142867,1.1496767777225512,0.8840830449825736,RANGING,32.47863247863329,-3.2223021008073545,1.6968145620022752,-0.0011878349660345844,0.0,RANGING,0.36219336219331216,1.2585443986422304,0.0028399999999999537,0.001651428571428637,0.5814889336016422,16,0.8400000000000001,0.95,LOCKDOWN,0.0,,,,,,,,,,,,,,,,,,,,,,,,,,0.0,0,ML_FILTER_REJECTED,0.0,0.0
v3,EURUSD-2026-06-23 17:15:00+00:00-REJECT,EURUSD,2026-06-23 17:15:00+00:00,SHORT,NEW_YORK,1,1,-1.0,1,0.0,1,0.00019999999999997797,bearish_unfilled,BEARISH,0,0.005090000000000039,0,0.0,0,0,DISCOUNT,-0.7855223670120409,1.1398726,1.1383432999999998,BEARISH,BEARISH,BEARISH,0.6188250512843143,1.139416352373744,1.140647782193974,0.0012314298202300566,-0.0004227724940255584,0.0008242857142857218,1.148430113947387,1.2495667244368351,RANGING,32.14890016920705,-0.3297323094262339,1.421711212337413,-0.0012314298202300566,0.0,RANGING,0.40620782726040894,1.211510899095757,0.003329999999999833,0.0016485714285714437,0.4950664950665244,16,0.95,0.95,LOCKDOWN,0.0,,,,,,,,,,,,,,,,,,,,,,,,,,0.0,0,ML_FILTER_REJECTED,0.0,0.0
v3,EURUSD-2026-06-23 17:30:00+00:00-REJECT,EURUSD,2026-06-23 17:30:00+00:00,SHORT,NEW_YORK,1,0,0.0,1,0.0,1,0.000280000000000058,bearish_unfilled,BEARISH,0,0.0050200000000000244,0,0.0,0,0,DISCOUNT,-0.7479888750728868,1.1398726,1.1383432999999998,BEARISH,BEARISH,BEARISH,0.5804470386929985,1.1392843188143398,1.14054512406872,0.001260805254380326,-0.0004844132088803743,0.0008307142857142878,1.1577323179533336,0.6139294926913266,RANGING,31.21783876501003,-0.931061404197024,1.3022932963131058,-0.001260805254380326,0.0,RANGING,0.3806275579808421,1.1202356349077838,0.0032599999999998186,0.0016614285714284804,0.5096406660823843,16,0.8400000000000001,0.95,LOCKDOWN,0.0,,,,,,,,,,,,,,,,,,,,,,,,,,0.0,0,ML_FILTER_REJECTED,0.0,0.0
v3,EURUSD-2026-06-23 17:45:00+00:00-REJECT,EURUSD,2026-06-23 17:45:00+00:00,SHORT,NEW_YORK,1,0,0.0,1,0.0,0,0.0,none,NONE,0,0.004850000000000243,0,0.0,0,0,DISCOUNT,-0.6568361089350773,1.1398726,1.1383432999999998,BEARISH,BEARISH,BEARISH,0.4769482070550973,1.1391810503558313,1.1404531584189666,0.0012721080631352688,-0.0005830405223203883,0.0008242857142857218,1.1478018699025514,0.8370883882149934,RANGING,37.40601503759285,6.188176272582822,1.3290447089096173,-0.0012721080631352688,0.0,RANGING,0.4036061026352338,1.0870179703885212,0.003090000000000037,0.0016485714285714437,0.5335182616736,16,0.8400000000000001,0.95,LOCKDOWN,0.0,,,,,,,,,,,,,,,,,,,,,,,,,,0.0,0,ML_FILTER_REJECTED,0.0,0.0
v3,EURUSD-2026-06-24 07:00:00+00:00-REJECT,EURUSD,2026-06-24 07:00:00+00:00,SHORT,LONDON,2,0,0.0,1,0.0,0,0.0,none,NONE,0,0.00674000000000019,0,0.0,0,0,DISCOUNT,-0.7758614001195553,1.1374884,1.1365372,BEARISH,BEARISH,BEARISH,0.4952256288346523,1.1371859166981793,1.137879307590233,0.0006933908920536691,-0.0004257865224717161,0.0004664285714285502,1.2591592749709588,1.415007656967654,RANGING,31.076923076919357,-6.465739039117153,0.7926102502979738,-0.0006933908920536691,0.0,RANGING,0.42334096109849373,1.0480764544844217,0.002060000000000173,0.0009328571428570687,0.45284327323154877,16,0.8400000000000001,0.95,LOCKDOWN,0.0,,,,,,,,,,,,,,,,,,,,,,,,,,0.0,0,ML_FILTER_REJECTED,0.0,0.0
v3,EURUSD-2026-06-24 07:15:00+00:00-REJECT,EURUSD,2026-06-24 07:15:00+00:00,SHORT,LONDON,2,0,0.0,1,0.0,0,0.0,none,NONE,0,0.00662000000000007,0,0.0,0,0,DISCOUNT,-0.6724132134368587,1.1374884,1.1365372,BEARISH,BEARISH,BEARISH,0.5170445799772376,1.137113924631686,1.137822471998459,0.0007085473667731712,-0.00037571161556981814,0.0004714285714285354,1.2323779292314851,0.9121212121211343,RANGING,31.707317073171225,0.6303939962518683,0.7440618939378141,-0.0007085473667731712,0.0,RANGING,0.3669724770642748,1.03873608950867,0.0019400000000000528,0.0009428571428571342,0.48600883652428273,16,0.8400000000000001,0.95,LOCKDOWN,0.0,,,,,,,,,,,,,,,,,,,,,,,,,,0.0,0,ML_FILTER_REJECTED,0.0,0.0
v3,EURUSD-2026-06-24 07:30:00+00:00-REJECT,EURUSD,2026-06-24 07:30:00+00:00,SHORT,LONDON,2,0,0.0,1,0.0,0,0.0,none,NONE,0,0.006630000000000136,0,0.0,0,0,DISCOUNT,-0.6810338956604646,1.1374884,1.1365372,BEARISH,BEARISH,BEARISH,0.5452371608687411,1.1370478365715253,1.1377674730965588,0.0007196365250334846,-0.0003465962236108844,0.0004449999999999653,1.131698455949009,0.44943820224717657,RANGING,33.12101910827886,1.413702035107633,0.6606444092914828,-0.0007196365250334846,0.0,RANGING,0.4204275534442319,1.0031043701650766,0.0019500000000001183,0.0008899999999998354,0.45641025641014427,16,0.8400000000000001,0.95,LOCKDOWN,0.0,,,,,,,,,,,,,,,,,,,,,,,,,,0.0,0,ML_FILTER_REJECTED,0.0,0.0
v3,EURUSD-2026-06-24 07:45:00+00:00-REJECT,EURUSD,2026-06-24 07:45:00+00:00,SHORT,LONDON,2,0,0.0,1,0.0,0,0.0,none,NONE,0,0.00674000000000019,0,0.0,0,0,DISCOUNT,-0.7614671913145782,1.1374016,1.1365078,BEARISH,BEARISH,BEARISH,0.511893714832639,1.1369775664218562,1.1377103172888505,0.0007327508669943139,-0.0003593013451717031,0.00043714285714283437,1.08568387440119,0.732026143791112,RANGING,35.254237288133126,2.1332181798542678,0.5916311996965994,-0.0007327508669943139,0.0,RANGING,0.39454094292808045,1.0140294044729972,0.002060000000000173,0.0008742857142856053,0.4244105409153068,16,0.8400000000000001,0.95,LOCKDOWN,0.0,,,,,,,,,,,,,,,,,,,,,,,,,,0.0,0,ML_FILTER_REJECTED,0.0,0.0
v3,EURUSD-2026-06-24 09:15:00+00:00-REJECT,EURUSD,2026-06-24 09:15:00+00:00,SHORT,LONDON,2,0,0.0,1,0.0,0,0.0,none,NONE,0,0.00017000000000000348,0,1.8124999999998306,0,1,DISCOUNT,-0.43373441718755873,1.1370792,1.1363986,BEARISH,BEARISH,BEARISH,0.5063013641624233,1.1368835362393532,1.1375077279769306,0.0006241917375773287,-6.378576137389125e-05,0.00048000000000000424,1.0918839873263668,1.9791666666666625,RANGING,46.90721649484504,-3.5082959705285788,1.461988304093567,-0.0006241917375773287,0.0,RANGING,0.12643678160922084,1.05530139371649,0.0011900000000000244,0.0009600000000000719,0.8067226890756741,16,0.73,0.95,LOCKDOWN,0.0,,,,,,,,,,,,,,,,,,,,,,,,,,0.0,0,ML_FILTER_REJECTED,0.0,0.0
v3,EURUSD-2026-06-24 09:30:00+00:00-REJECT,EURUSD,2026-06-24 09:30:00+00:00,SHORT,LONDON,2,0,0.0,1,0.0,0,0.0,none,NONE,0,1.0000000000065512e-05,0,0.0,0,0,DISCOUNT,-0.21686720859377936,1.1370792,1.1363986,BEARISH,BEARISH,BEARISH,0.5259752776107846,1.13686605659751,1.137476052369992,0.0006099957724821081,-5.294902219565856e-05,0.00045928571428572554,1.0343440842918417,0.8926905132193095,RANGING,55.096418732782084,8.189202237937046,1.3724544849277958,-0.0006099957724821081,0.0,RANGING,0.1439688715953257,1.0030696793416554,0.0010099999999999554,0.0009185714285715463,0.9094766619520662,16,0.73,0.95,LOCKDOWN,0.0,,,,,,,,,,,,,,,,,,,,,,,,,,0.0,0,ML_FILTER_REJECTED,0.0,0.0
v3,EURUSD-2026-06-24 09:45:00+00:00-REJECT,EURUSD,2026-06-24 09:45:00+00:00,SHORT,LONDON,2,1,-1.0,1,0.0,0,0.0,none,NONE,0,0.0007500000000000284,0,1.5049504950496628,0,1,DISCOUNT,-0.7777769921445272,1.1369476,1.1361358000000001,BEARISH,BEARISH,BEARISH,0.6518850852133811,1.1367778607310806,1.1374158150221494,0.0006379542910688318,-0.00010123959151031592,0.0005050000000000095,1.122489481622646,2.158415841584188,RANGING,43.498817966902756,-11.597600765879328,1.6218508022225693,-0.0006379542910688318,0.0,RANGING,0.2982456140350918,1.1276991422879608,0.0017700000000000493,0.0010099999999999554,0.5706214689265126,16,0.8400000000000001,0.95,LOCKDOWN,0.0,,,,,,,,,,,,,,,,,,,,,,,,,,0.0,0,ML_FILTER_REJECTED,0.0,0.0
v3,EURUSD-2026-06-24 10:00:00+00:00-REJECT,EURUSD,2026-06-24 10:00:00+00:00,SHORT,LONDON,2,1,-1.0,1,0.0,1,0.0002500000000000835,bearish_unfilled,BEARISH,0,0.0013099999999999223,0,0.0,0,0,DISCOUNT,-0.7760611767866488,1.1366958,1.1356339,BEARISH,BEARISH,BEARISH,0.664042634112077,1.1366447311376442,1.137335979138928,0.0006912480012837285,-0.0002277882018428823,0.0005400000000000008,1.181526920371983,1.8888888888889248,RANGING,34.29844097995681,-9.200376986945948,1.810377799498534,-0.0006912480012837285,0.0,RANGING,0.35587761674716345,1.2716442109521355,0.0023199999999998777,0.0010799999999999699,0.4655172413793219,16,0.95,0.95,LOCKDOWN,0.0,,,,,,,,,,,,,,,,,,,,,,,,,,0.0,0,ML_FILTER_REJECTED,0.0,0.0
v3,EURUSD-2026-06-24 10:15:00+00:00-REJECT,EURUSD,2026-06-24 10:15:00+00:00,SHORT,LONDON,2,1,-1.0,1,0.0,0,0.0,bearish_unfilled,NONE,0,0.0011699999999998933,0,0.0,0,0,DISCOUNT,-0.6653691320083339,1.1366834,1.1356297,BEARISH,BEARISH,BEARISH,0.6411692652313081,1.13653761388644,1.1372647642707348,0.0007271503842947169,-0.0003841893254767914,0.0005542857142857135,1.19283683037432,0.7757731958761642,RANGING,36.84210526315969,2.5436642832028795,1.5921918617682418,-0.0007271503842947169,0.0,RANGING,0.3141025641025568,1.2760189161606408,0.0021599999999999397,0.0011085714285714587,0.5132275132275416,16,0.95,0.95,LOCKDOWN,0.0,,,,,,,,,,,,,,,,,,,,,,,,,,0.0,0,ML_FILTER_REJECTED,0.0,0.0
v3,EURUSD-2026-06-24 10:45:00+00:00-REJECT,EURUSD,2026-06-24 10:45:00+00:00,SHORT,LONDON,2,1,-1.0,1,0.0,0,0.0,bearish_unfilled,NONE,0,0.0015199999999999658,0,0.0,0,0,DISCOUNT,-0.9341556097484137,1.1365966,1.1356003,BEARISH,BEARISH,BEARISH,0.49671691086865677,1.1363541465147504,1.1371319488712166,0.000777802356466184,-0.0005119100827595258,0.0006007142857142878,1.2530730835134032,1.6147443519618037,RANGING,37.83783783783738,-7.876447876449589,1.3488900440901828,-0.000777802356466184,0.0,RANGING,0.2383808095952011,1.3968609166274288,0.0023500000000000743,0.0012014285714285755,0.5112462006078883,16,0.95,0.95,LOCKDOWN,0.0,,,,,,,,,,,,,,,,,,,,,,,,,,0.0,0,ML_FILTER_REJECTED,0.0,0.0
v3,EURUSD-2026-06-24 11:00:00+00:00-REJECT,EURUSD,2026-06-24 11:00:00+00:00,SHORT,LONDON,2,1,-1.0,1,0.0,0,0.0,bearish_unfilled,NONE,0,0.00270999999999999,0,1.6495049504950836,0,1,DISCOUNT,-0.8631574404434919,1.136076,1.1345180000000001,BEARISH,BEARISH,BEARISH,0.5916549080732563,1.1361280373228695,1.1370083430331297,0.0008803057102602097,-0.0006498234082110699,0.0007214285714285713,1.467703262370152,2.619801980197947,HIGH_VOL,30.817610062892868,-7.020227774944509,1.607773851590106,-0.0008803057102602097,0.0,HIGH_VOL,0.3162853297442879,1.5930693025666702,0.0035400000000000986,0.0014428571428570791,0.4075867635189375,16,0.73,0.95,LOCKDOWN,0.0,,,,,,,,,,,,,,,,,,,,,,,,,,0.0,0,ML_FILTER_REJECTED,0.0,0.0
v3,EURUSD-2026-06-24 11:15:00+00:00-REJECT,EURUSD,2026-06-24 11:15:00+00:00,SHORT,LONDON,2,0,0.0,1,0.0,0,0.0,bearish_unfilled,NONE,0,0.0013600000000000279,0,1.682991985752424,1,0,DISCOUNT,-0.1526314986150647,1.136076,1.1345180000000001,BEARISH,BEARISH,BEARISH,0.5571748923417591,1.1360520337683104,1.1369425256592816,0.0008904918909711235,-0.0005926973693337612,0.0008021428571428465,1.579465541490868,1.807658058771112,HIGH_VOL,43.552631578947356,12.735021516054488,1.574463457076566,-0.0008904918909711235,0.0,HIGH_VOL,0.13457076566125756,1.6886377400227282,0.0021900000000001363,0.0016042857142857248,0.7325505544683218,16,0.73,0.95,LOCKDOWN,0.0,,,,,,,,,,,,,,,,,,,,,,,,,,0.0,0,ML_FILTER_REJECTED,0.0,0.0
v3,EURUSD-2026-06-24 11:30:00+00:00-REJECT,EURUSD,2026-06-24 11:30:00+00:00,SHORT,LONDON,2,0,0.0,1,0.0,0,0.0,bearish_unfilled,NONE,0,0.0016499999999999293,0,0.0,0,0,DISCOUNT,-0.30526299723001254,1.136076,1.1345180000000001,BEARISH,BEARISH,BEARISH,0.4970468769013225,1.1359556495999,1.136867916809898,0.0009122672099981521,-0.0005819642865401153,0.000852142857142841,1.6178464876593466,1.3964794635370954,HIGH_VOL,39.25729442970803,-4.295337149239323,1.281465341623709,-0.0009122672099981521,0.0,HIGH_VOL,0.20325203252031557,1.6503377537577293,0.0024800000000000377,0.0017042857142857137,0.6872119815668096,16,0.73,0.95,LOCKDOWN,0.0,,,,,,,,,,,,,,,,,,,,,,,,,,0.0,0,ML_FILTER_REJECTED,0.0,0.0
v3,EURUSD-2026-06-24 11:45:00+00:00-REJECT,EURUSD,2026-06-24 11:45:00+00:00,SHORT,LONDON,2,0,0.0,1,0.0,0,0.0,bearish_unfilled,NONE,0,0.0014199999999999768,0,0.0,0,0,DISCOUNT,-0.18421042936296883,1.136076,1.1345180000000001,BEARISH,BEARISH,BEARISH,0.39984662023771866,1.1358903496380046,1.1368052534055884,0.0009149037675837413,-0.0005884438782983725,0.0008699999999999898,1.587798201016831,0.6091954022990204,HIGH_VOL,41.10824742268029,1.8509529929722603,1.1247888003861937,-0.0009149037675837413,0.0,HIGH_VOL,0.165336374002276,1.513340627320965,0.0022500000000000853,0.0017400000000000748,0.7733333333333373,16,0.6200000000000001,0.95,LOCKDOWN,0.0,,,,,,,,,,,,,,,,,,,,,,,,,,0.0,0,ML_FILTER_REJECTED,0.0,0.0
v3,EURUSD-2026-06-24 13:00:00+00:00-REJECT,EURUSD,2026-06-24 13:00:00+00:00,SHORT,NEW_YORK,2,0,0.0,1,0.0,0,0.0,bearish_unfilled,NONE,0,0.0023800000000000487,0,0.0,0,0,DISCOUNT,-0.6894733213299022,1.136076,1.1345180000000001,BEARISH,BEARISH,BEARISH,0.533903722288622,1.1353942020700059,1.1364148019690063,0.001020599899000496,-0.0004961475679987615,0.0009149999999999833,1.3762354963472172,0.7650273224043013,HIGH_VOL,32.400589101619374,-3.2281534133513077,0.9483747609942639,-0.001020599899000496,0.0,HIGH_VOL,0.26434195725535614,1.1819244241688556,0.003210000000000157,0.0018299999999999983,0.5700934579438968,16,0.8400000000000001,0.95,LOCKDOWN,0.0,,,,,,,,,,,,,,,,,,,,,,,,,,0.0,0,ML_FILTER_REJECTED,0.0,0.0
v3,EURUSD-2026-06-24 13:15:00+00:00-REJECT,EURUSD,2026-06-24 13:15:00+00:00,SHORT,NEW_YORK,2,0,0.0,1,0.0,1,9.999999999998899e-05,bearish_unfilled,BEARISH,0,0.002610000000000001,0,0.0,0,0,DISCOUNT,-0.810525889196946,1.136076,1.1345180000000001,BEARISH,BEARISH,BEARISH,0.5455528593342355,1.1352690399681007,1.1363232411074768,0.0010542011393761541,-0.0005498477996177531,0.0008742857142857005,1.2723492723492633,0.5947712418301616,RANGING,35.143769968051174,2.7431808664318,0.8586920101130098,-0.0010542011393761541,0.0,RANGING,0.2821075740944059,1.0799271131556911,0.0034400000000001096,0.0017485714285714327,0.5083056478405166,16,0.8400000000000001,0.95,LOCKDOWN,0.0,,,,,,,,,,,,,,,,,,,,,,,,,,0.0,0,ML_FILTER_REJECTED,0.0,0.0
v3,EURUSD-2026-06-24 13:30:00+00:00-REJECT,EURUSD,2026-06-24 13:30:00+00:00,SHORT,NEW_YORK,2,0,0.0,1,0.0,0,0.0,none,NONE,0,0.0024599999999999067,0,0.0,0,0,DISCOUNT,-0.7315785623270689,1.136076,1.1345180000000001,BEARISH,BEARISH,BEARISH,0.5268228499684318,1.1351700837806624,1.1362411532209091,0.001071069440246708,-0.0005479575329876418,0.000858571428571407,1.2113272195908296,0.9317803660564932,RANGING,40.17094017094053,5.027170202889359,1.0167124712174107,-0.001071069440246708,0.0,RANGING,0.249176728869375,0.9111249517415458,0.003290000000000015,0.0017171428571427505,0.5219279201041771,16,0.8400000000000001,0.95,LOCKDOWN,0.0,,,,,,,,,,,,,,,,,,,,,,,,,,0.0,0,ML_FILTER_REJECTED,0.0,0.0
v3,EURUSD-2026-06-24 13:45:00+00:00-REJECT,EURUSD,2026-06-24 13:45:00+00:00,SHORT,NEW_YORK,2,0,0.0,1,0.0,0,0.0,none,NONE,0,0.00270999999999999,0,0.0,0,0,DISCOUNT,-0.8631574404434919,1.136076,1.1345180000000001,BEARISH,BEARISH,BEARISH,0.557367449401852,1.1350567424682183,1.1361524805455794,0.0010957380773610748,-0.0005471996727031136,0.000869999999999974,1.1908486507625866,0.6781609195400989,RANGING,37.08053691275127,-3.090403258189262,0.8773899981040443,-0.0010957380773610748,0.0,RANGING,0.3127071823204541,0.7981752378184446,0.0035400000000000986,0.0017399999999998528,0.4915254237287583,16,0.8400000000000001,0.95,LOCKDOWN,0.0,,,,,,,,,,,,,,,,,,,,,,,,,,0.0,0,ML_FILTER_REJECTED,0.0,0.0
v3,EURUSD-2026-06-24 14:00:00+00:00-REJECT,EURUSD,2026-06-24 14:00:00+00:00,SHORT,NEW_YORK,2,0,0.0,1,0.0,0,0.0,none,NONE,0,0.002650000000000041,1,0.0,0,0,DISCOUNT,-0.8113203173476123,1.1359902,1.1344691,BEARISH,BEARISH,BEARISH,0.5463302848672057,1.1349599098521976,1.136069638171243,0.0011097283190453222,-0.0005484187514932515,0.0008535714285714059,1.1382036384417367,0.6326359832635975,RANGING,33.27402135231277,-3.8065155604384984,0.8238106343283582,-0.0011097283190453222,0.0,RANGING,0.3927315357561437,0.7217908897910947,0.0034800000000001496,0.001707142857142907,0.4905582922824235,16,0.8400000000000001,0.95,LOCKDOWN,0.0,,,,,,,,,,,,,,,,,,,,,,,,,,0.0,0,ML_FILTER_REJECTED,0.0,0.0
v3,EURUSD-2026-06-24 14:15:00+00:00-REJECT,EURUSD,2026-06-24 14:15:00+00:00,SHORT,NEW_YORK,2,0,0.0,1,0.0,0,0.0,none,NONE,0,0.0022800000000000598,0,0.0,0,0,DISCOUNT,-0.5384611932942164,1.1356244000000002,1.1343452,BEARISH,BEARISH,BEARISH,0.49845132296434685,1.1349075374853217,1.1360045543213901,0.001097016836068443,-0.00048666458468415996,0.000824285714285706,1.0744878957169457,0.6793760831890556,RANGING,42.74809160305273,9.474070250739956,0.8241105850276317,-0.001097016836068443,0.0,RANGING,0.26276463262764665,0.7288089578800983,0.002990000000000048,0.0016485714285714437,0.5513616817964606,16,0.8400000000000001,0.95,LOCKDOWN,0.0,,,,,,,,,,,,,,,,,,,,,,,,,,0.0,0,ML_FILTER_REJECTED,0.0,0.0
v3,EURUSD-2026-06-24 17:30:00+00:00-REJECT,EURUSD,2026-06-24 17:30:00+00:00,SHORT,NEW_YORK,2,0,0.0,1,0.0,0,0.0,bullish_unfilled,NONE,0,0.0024800000000000377,0,0.0,0,0,PREMIUM,0.2791517461824683,1.1341546,1.1329943,BEARISH,BEARISH,BEARISH,0.5779732919540909,1.134214513111383,1.1351511031582742,0.0009365900468911725,9.406609665840726e-05,0.0009271428571428407,1.1374490645401603,0.9599383667181067,RANGING,51.767151767151724,-3.3084421853316073,1.135114927554292,-0.0009365900468911725,0.0,RANGING,0.05281090289608293,1.19923289086439,0.0010200000000000209,0.0018542857142855862,1.8179271708681846,16,0.8400000000000001,0.95,LOCKDOWN,0.0,,,,,,,,,,,,,,,,,,,,,,,,,,0.0,0,ML_FILTER_REJECTED,0.0,0.0
v3,EURUSD-2026-06-24 17:45:00+00:00-REJECT,EURUSD,2026-06-24 17:45:00+00:00,SHORT,NEW_YORK,2,0,0.0,1,0.0,0,0.0,bullish_unfilled,NONE,0,0.0024999999999999467,0,0.0,0,0,PREMIUM,0.2650174805530378,1.1341546,1.1329943,BEARISH,BEARISH,BEARISH,0.5959140409711925,1.1342121785293464,1.1351134128383418,0.0009012343089953578,0.00010320265888119629,0.0009471428571428449,1.1582303358518673,0.8868778280544938,RANGING,47.533632286996855,-4.233519480154868,1.2268994404195204,-0.0009012343089953578,0.0,RANGING,0.0705679862306367,1.2200856221234508,0.0010399999999999299,0.0018942857142856262,1.8214285714286096,16,0.8400000000000001,0.95,LOCKDOWN,0.0,,,,,,,,,,,,,,,,,,,,,,,,,,0.0,0,ML_FILTER_REJECTED,0.0,0.0
v3,EURUSD-2026-06-25 10:00:00+00:00-REJECT,EURUSD,2026-06-25 10:00:00+00:00,SHORT,LONDON,3,0,0.0,1,0.0,0,0.0,bearish_unfilled,NONE,0,0.0016700000000000603,0,0.0,0,0,DISCOUNT,-0.9999990521336,1.1363282,1.1354631,BEARISH,BEARISH,BEARISH,0.5033064636422574,1.1360816997439556,1.1359436069558555,0.00013809278810006376,-0.00027647192284296906,0.0004657142857143074,1.0492436433859464,2.2331288343560503,RANGING,19.01408450704203,-8.485915492956593,1.7500764448068493,0.00013809278810006376,0.0,RANGING,0.24757281553399157,1.288604341711612,0.0021100000000000563,0.000931428571428583,0.4414353419092693,16,0.8400000000000001,0.95,LOCKDOWN,0.0,,,,,,,,,,,,,,,,,,,,,,,,,,0.0,0,ML_FILTER_REJECTED,0.0,0.0
v3,EURUSD-2026-06-25 10:15:00+00:00-REJECT,EURUSD,2026-06-25 10:15:00+00:00,SHORT,LONDON,3,0,0.0,1,0.0,0,0.0,bearish_unfilled,NONE,0,0.0014899999999999913,1,0.0,0,0,DISCOUNT,-0.44569255004300506,1.1361154,1.1350207,BEARISH,BEARISH,BEARISH,0.46741509630406985,1.1359977283397693,1.1359144458987631,8.328244100619386e-05,-0.0003634745968579267,0.0005078571428571552,1.13978839371595,1.9887482419126628,RANGING,17.85714285714144,-1.1569416499005882,1.939944782428107,8.328244100619386e-05,0.0,RANGING,0.3213367609254472,1.4119311051945949,0.0019299999999999873,0.001015714285714342,0.5262768319763464,16,0.8400000000000001,0.95,LOCKDOWN,0.0,,,,,,,,,,,,,,,,,,,,,,,,,,0.0,0,ML_FILTER_REJECTED,0.0,0.0
v3,EURUSD-2026-06-25 13:30:00+00:00-REJECT,EURUSD,2026-06-25 13:30:00+00:00,SHORT,NEW_YORK,3,0,0.0,1,0.0,0,0.0,bearish_unfilled,NONE,0,0.0018000000000000238,0,0.0,0,0,DISCOUNT,-0.7094589800953598,1.1362952000000002,1.1350816000000001,BEARISH,BEARISH,BEARISH,0.5396179009470058,1.1360496215596683,1.136007679279126,4.19422805422176e-05,-0.0002599948254049522,0.0006557142857142992,1.189735614307903,1.0980392156859955,RANGING,48.702594810379594,-3.3229915435664594,0.9022816317123761,4.19422805422176e-05,0.0,RANGING,0.20294117647060744,1.003805264297307,0.0025300000000001432,0.00131142857142863,0.5183512140033817,16,0.8400000000000001,0.95,LOCKDOWN,0.0,,,,,,,,,,,,,,,,,,,,,,,,,,0.0,0,ML_FILTER_REJECTED,0.0,0.0
v3,EURUSD-2026-06-25 13:45:00+00:00-REJECT,EURUSD,2026-06-25 13:45:00+00:00,SHORT,NEW_YORK,3,0,0.0,1,0.0,1,0.0003500000000000725,bearish_unfilled,BEARISH,0,0.0021100000000000563,1,0.0,0,0,DISCOUNT,-0.7974678497039602,1.1362192,1.1349236,BEARISH,BEARISH,BEARISH,0.5195078629601224,1.1359096576016046,1.1359516918564152,4.203425481064116e-05,-0.0004095191277475596,0.0006285714285714386,1.1131490734298601,1.0022727272725656,RANGING,43.968871595330015,-4.733723215049579,0.9885545678362684,-4.203425481064116e-05,0.0,RANGING,0.22126436781610342,0.9779984737641966,0.0028400000000001757,0.0012571428571428456,0.44265593561365063,16,0.8400000000000001,0.95,LOCKDOWN,0.0,,,,,,,,,,,,,,,,,,,,,,,,,,0.0,0,ML_FILTER_REJECTED,0.0,0.0
v3,EURUSD-2026-06-25 14:00:00+00:00-REJECT,EURUSD,2026-06-25 14:00:00+00:00,SHORT,NEW_YORK,3,1,-1.0,1,0.0,1,0.00024000000000001798,bearish_unfilled,BEARISH,0,0.0022699999999999942,1,0.0,0,0,DISCOUNT,-0.8461533254441915,1.136185,1.1348525,BEARISH,BEARISH,BEARISH,0.5389683783523833,1.1357677854490706,1.1358916255091047,0.000123840060034075,-0.0005371839727239536,0.0006307142857142781,1.0907967881407716,0.681766704416659,RANGING,40.039447731755686,-3.9294238635743284,0.9138833522716688,-0.000123840060034075,0.0,RANGING,0.2875912408759154,0.9598168998405265,0.0030000000000001137,0.0012614285714285245,0.4204761904761589,16,0.95,0.95,LOCKDOWN,0.0,,,,,,,,,,,,,,,,,,,,,,,,,,0.0,0,ML_FILTER_REJECTED,0.0,0.0
v3,EURUSD-2026-06-25 14:15:00+00:00-REJECT,EURUSD,2026-06-25 14:15:00+00:00,SHORT,NEW_YORK,3,1,-1.0,1,0.0,0,0.0,bearish_unfilled,NONE,0,0.002950000000000008,0,0.0,0,0,DISCOUNT,-0.9891886544926679,1.136014,1.134497,BEARISH,BEARISH,BEARISH,0.5550963120913563,1.1355746630253496,1.1358072480381594,0.00023258501280976063,-0.0006698331181789197,0.0006357142857142632,1.0744899191113566,1.1483146067414522,RANGING,29.007633587786103,-11.031814143969584,0.8393896024237467,-0.00023258501280976063,0.0,RANGING,0.34054054054054766,0.9707670819758565,0.0036800000000001276,0.00127142857142859,0.345496894409931,16,0.95,0.95,LOCKDOWN,0.0,,,,,,,,,,,,,,,,,,,,,,,,,,0.0,0,ML_FILTER_REJECTED,0.0,0.0
v3,EURUSD-2026-06-25 14:30:00+00:00-REJECT,EURUSD,2026-06-25 14:30:00+00:00,SHORT,NEW_YORK,3,1,-1.0,1,0.0,1,0.0002500000000000835,bearish_unfilled,BEARISH,0,0.002950000000000008,1,0.0,0,0,DISCOUNT,-0.8128074813756201,1.1358772,1.1342126,BEARISH,BEARISH,BEARISH,0.546726429925056,1.1353999332134115,1.1357261794876432,0.0003262462742317229,-0.0007717537735905111,0.0006349999999999888,1.0522577972420604,0.8818897637797258,RANGING,26.043737574551827,-2.963896013234276,0.9401709401709402,-0.0003262462742317229,0.0,RANGING,0.28550512445096426,0.9762358799814603,0.0036800000000001276,0.0012699999999998823,0.34510869565213,16,0.95,0.95,LOCKDOWN,0.0,,,,,,,,,,,,,,,,,,,,,,,,,,0.0,0,ML_FILTER_REJECTED,0.0,0.0
v3,EURUSD-2026-06-25 14:45:00+00:00-REJECT,EURUSD,2026-06-25 14:45:00+00:00,SHORT,NEW_YORK,3,1,-1.0,1,0.0,0,0.0,bearish_unfilled,NONE,0,0.002929999999999877,1,0.0,0,0,DISCOUNT,-0.789730665168312,1.1358658000000001,1.1341889,BEARISH,BEARISH,BEARISH,0.5467682104778008,1.1352437490978484,1.1356490744096965,0.0004053253118481148,-0.0008058724618198454,0.0006214285714285506,1.0129235068109732,0.8850574712644788,RANGING,15.454545454545922,-10.589192120005904,1.2051580012745062,-0.0004053253118481148,0.0,RANGING,0.23720930232554938,0.9667109925346142,0.0036599999999999966,0.0012428571428571011,0.33957845433254163,16,0.95,0.95,LOCKDOWN,0.0,,,,,,,,,,,,,,,,,,,,,,,,,,0.0,0,ML_FILTER_REJECTED,0.0,0.0
v3,EURUSD-2026-06-30 07:00:00+00:00-REJECT,EURUSD,2026-06-30 07:00:00+00:00,SHORT,LONDON,1,1,-1.0,1,0.0,0,0.0,bearish_unfilled,NONE,0,0.0022599999999999287,1,0.0,0,0,DISCOUNT,-0.8566547053551251,1.1413866000000001,1.1401853,BEARISH,BEARISH,BEARISH,0.41532485222490534,1.1406977532325329,1.141201794093423,0.0005040408608900648,-0.0005326636670905938,0.0005378571428571137,1.2118773638046043,0.6321381142098745,RANGING,31.554524361951238,0.21811883199484328,0.676421447015341,-0.0005040408608900648,0.0,RANGING,0.4934823091247252,0.7737469858313494,0.002769999999999939,0.001075714285714291,0.3883445074780919,16,0.8400000000000001,0.95,LOCKDOWN,0.0,,,,,,,,,,,,,,,,,,,,,,,,,,0.0,0,ML_FILTER_REJECTED,0.0,0.0
v3,EURUSD-2026-06-30 07:15:00+00:00-REJECT,EURUSD,2026-06-30 07:15:00+00:00,SHORT,LONDON,1,1,-1.0,1,0.0,0,0.0,bearish_unfilled,NONE,0,0.0021400000000000308,1,0.0,0,0,DISCOUNT,-0.9024383955132831,1.1412994,1.1401227,BEARISH,BEARISH,BEARISH,0.4115335262479981,1.140598919591339,1.1411413315799555,0.0005424119886163759,-0.0005314576035584384,0.0005278571428571117,1.1700443318555853,0.6062246278753082,RANGING,26.378896882498893,-5.175627479452345,0.631390402268826,-0.0005424119886163759,0.0,RANGING,0.4944237918215046,0.7037027819522332,0.0028399999999999537,0.00105571428571416,0.37173038229372435,16,0.8400000000000001,0.95,LOCKDOWN,0.0,,,,,,,,,,,,,,,,,,,,,,,,,,0.0,0,ML_FILTER_REJECTED,0.0,0.0
v3,EURUSD-2026-06-30 07:45:00+00:00-REJECT,EURUSD,2026-06-30 07:45:00+00:00,SHORT,LONDON,1,1,-1.0,1,0.0,0,0.0,bearish_unfilled,NONE,0,0.0013900000000000023,0,1.9697428139181064,0,1,DISCOUNT,-0.9873810805165855,1.1408554,1.1395557,BEARISH,BEARISH,BEARISH,0.49537188173339247,1.140372675674543,1.1410047970486248,0.0006321213740818621,-0.0005200367230941971,0.0004721428571428416,1.0260788574976778,2.033282904690083,RANGING,12.463768115945825,-25.518427729752965,1.0288504847924518,-0.0006321213740818621,0.0,RANGING,0.49258649093901424,0.8240585420553049,0.0033199999999999896,0.0009442857142856198,0.28442340791735626,16,0.8400000000000001,0.95,LOCKDOWN,0.0,,,,,,,,,,,,,,,,,,,,,,,,,,0.0,0,ML_FILTER_REJECTED,0.0,0.0
v3,EURUSD-2026-06-30 11:00:00+00:00-REJECT,EURUSD,2026-06-30 11:00:00+00:00,SHORT,LONDON,1,0,0.0,1,0.0,1,0.00041000000000002146,bearish_unfilled,BEARISH,0,0.0014699999999998603,0,0.0,0,0,DISCOUNT,-0.4538742037829009,1.1399302,1.1388191,BEARISH,BEARISH,BEARISH,0.4935895828080969,1.139920796457214,1.1404681842751168,0.0005473878179027558,7.387012199666643e-05,0.0006957142857142598,1.3294205964649022,1.6386036960988262,RANGING,42.530755711773985,-9.573452705058244,2.191227894894595,-0.0005473878179027558,0.0,RANGING,0.178947368421073,1.3995190221433447,0.0019700000000000273,0.001391428571428488,0.7063089195068369,16,0.8400000000000001,0.95,LOCKDOWN,0.0,,,,,,,,,,,,,,,,,,,,,,,,,,0.0,0,ML_FILTER_REJECTED,0.0,0.0
v3,EURUSD-2026-06-30 11:15:00+00:00-REJECT,EURUSD,2026-06-30 11:15:00+00:00,SHORT,LONDON,1,0,0.0,1,0.0,1,0.00031000000000003247,bearish_unfilled,BEARISH,0,0.0017399999999998528,0,0.0,0,0,DISCOUNT,-0.2546123582196921,1.1399302,1.1388191,BEARISH,BEARISH,BEARISH,0.5309430510642279,1.1398578634612888,1.140420804499622,0.000562941038333209,-4.935560390761928e-05,0.000667857142857109,1.2618083670715243,0.8534759358288596,RANGING,53.479125248507856,10.948369536733871,1.440173253925284,-0.000562941038333209,0.0,RANGING,0.09909909909912312,1.2555752771435558,0.0017000000000000348,0.001335714285714218,0.7857142857142297,16,0.73,0.95,LOCKDOWN,0.0,,,,,,,,,,,,,,,,,,,,,,,,,,0.0,0,ML_FILTER_REJECTED,0.0,0.0
v3,EURUSD-2026-06-30 11:30:00+00:00-REJECT,EURUSD,2026-06-30 11:30:00+00:00,SHORT,LONDON,1,0,0.0,1,0.0,0,0.0,bearish_unfilled,NONE,0,0.0011900000000000244,0,0.0,0,0,DISCOUNT,-0.6605161177001873,1.1399302,1.1388191,BEARISH,BEARISH,BEARISH,0.494586999780983,1.1397485431316423,1.1403537141270879,0.0006051709954455475,-0.00022846459401160146,0.0006992857142856959,1.3022080340516402,1.3728294177733769,RANGING,47.069597069597854,-6.409528178910001,1.2840466926070038,-0.0006051709954455475,0.0,RANGING,0.14529914529913449,1.2611434996492532,0.0022499999999998632,0.0013985714285713602,0.621587301587309,16,0.8400000000000001,0.95,LOCKDOWN,0.0,,,,,,,,,,,,,,,,,,,,,,,,,,0.0,0,ML_FILTER_REJECTED,0.0,0.0
v3,EURUSD-2026-07-01 08:45:00+00:00-REJECT,EURUSD,2026-07-01 08:45:00+00:00,SHORT,LONDON,2,0,0.0,1,0.0,0,0.0,none,NONE,0,0.0030599999999998406,0,0.0,0,0,DISCOUNT,-0.05050494847474282,1.1407238,1.1403178999999999,BEARISH,BEARISH,BEARISH,0.4277073950023974,1.1408122944673331,1.141036021518574,0.0002237270512408518,2.9563063487669794e-05,0.00036285714285714095,1.031786330862174,2.011811023621775,RANGING,53.500000000000334,-5.61602209945125,0.9946412550617103,-0.0002237270512408518,0.0,RANGING,0.11926605504589399,1.0756585109851249,0.000520000000000076,0.0007257142857142185,1.3956043956040625,16,0.73,0.95,LOCKDOWN,0.0,,,,,,,,,,,,,,,,,,,,,,,,,,0.0,0,ML_FILTER_REJECTED,0.0,0.0
v3,EURUSD-2026-07-01 09:00:00+00:00-REJECT,EURUSD,2026-07-01 09:00:00+00:00,SHORT,LONDON,2,0,0.0,1,0.0,0,0.0,none,NONE,0,0.0027399999999999647,0,0.0,0,0,DISCOUNT,-0.6969682889527069,1.1407238,1.1403178999999999,BEARISH,BEARISH,BEARISH,0.45664231407812794,1.1407596949942538,1.1410055893021593,0.00024589430790555866,-3.039532351101215e-05,0.00039000000000000146,1.0990338164251112,2.0256410256411934,RANGING,43.69369369369207,-9.806306306308265,1.7152420800956365,-0.00024589430790555866,0.0,RANGING,0.08571428571427765,1.1566009919276052,0.0008399999999999519,0.0007800000000000029,0.9285714285714852,16,0.8400000000000001,0.95,LOCKDOWN,0.0,,,,,,,,,,,,,,,,,,,,,,,,,,0.0,0,ML_FILTER_REJECTED,0.0,0.0
v3,EURUSD-2026-07-01 09:15:00+00:00-REJECT,EURUSD,2026-07-01 09:15:00+00:00,SHORT,LONDON,2,0,0.0,1,0.0,0,0.0,none,NONE,0,0.0027199999999998337,0,0.0,0,0,DISCOUNT,-0.73737224773286,1.1407238,1.1403178999999999,BEARISH,BEARISH,BEARISH,0.4670108236024981,1.1407102002328962,1.1409755661922707,0.00026536595937454166,-9.131005460538688e-05,0.000394285714285728,1.1006979062811795,0.786231884058026,RANGING,43.04932735425991,-0.6443663394321604,1.2728195952317625,-0.00026536595937454166,0.0,RANGING,0.13815789473685364,1.1422554303334063,0.0008600000000000829,0.0007885714285713608,0.9169435215945171,16,0.8400000000000001,0.95,LOCKDOWN,0.0,,,,,,,,,,,,,,,,,,,,,,,,,,0.0,0,ML_FILTER_REJECTED,0.0,0.0
v3,EURUSD-2026-07-01 09:30:00+00:00-REJECT,EURUSD,2026-07-01 09:30:00+00:00,SHORT,LONDON,2,0,0.0,1,0.0,0,0.0,none,NONE,0,0.00266999999999995,1,0.0,0,0,DISCOUNT,-0.5964901815962272,1.1406668,1.1401994,BEARISH,BEARISH,BEARISH,0.40224098169876243,1.1406606573535727,1.140944759674927,0.0002841023213542293,-0.00015785195416673226,0.0004100000000000056,1.1312573906188417,1.3170731707316528,RANGING,37.73584905660792,-5.31347829765199,1.3965480197665259,-0.0002841023213542293,0.0,RANGING,0.14379084967318792,1.2005756506323402,0.0009099999999999664,0.0008200000000000429,0.9010989010989815,16,0.73,0.95,LOCKDOWN,0.0,,,,,,,,,,,,,,,,,,,,,,,,,,0.0,0,ML_FILTER_REJECTED,0.0,0.0
v3,EURUSD-2026-07-01 10:15:00+00:00-REJECT,EURUSD,2026-07-01 10:15:00+00:00,SHORT,LONDON,2,1,-1.0,1,0.0,1,0.00039999999999995595,bearish_unfilled,BEARISH,1,8.999999999992347e-05,0,0.0,0,0,DISCOUNT,-0.9032248352421819,1.1403932,1.1396306,BEARISH,BEARISH,BEARISH,0.45439986152504,1.1404221713409086,1.1408108186971488,0.00038864735624022373,-0.000337523653345162,0.00045285714285714374,1.2087702573879757,1.104100946372116,RANGING,28.400000000003985,-10.488888888889122,1.308197396417214,-0.00038864735624022373,0.0,RANGING,0.3198847262247396,1.3159841603389715,0.0017700000000000493,0.0009057142857142875,0.5117029862792442,16,0.95,0.95,LOCKDOWN,0.0,,,,,,,,,,,,,,,,,,,,,,,,,,0.0,0,ML_FILTER_REJECTED,0.0,0.0
v3,EURUSD-2026-07-01 10:30:00+00:00-REJECT,EURUSD,2026-07-01 10:30:00+00:00,SHORT,LONDON,2,0,0.0,1,0.0,0,0.0,bearish_unfilled,NONE,0,0.00012000000000012001,0,0.0,0,0,DISCOUNT,-0.33333297491062047,1.1403932,1.1396306,BEARISH,BEARISH,BEARISH,0.4014805228453986,1.140368631213203,1.1407735316894174,0.00040490047621433156,-0.0003415690196930665,0.0004814285714285533,1.2670363755991496,1.3709198813054464,RANGING,39.52702702703151,11.127027027027523,1.2242128121606948,-0.00040490047621433156,0.0,RANGING,0.17435897435896736,1.3746529119549997,0.0012399999999999078,0.0009628571428570432,0.7764976958525118,16,0.73,0.95,LOCKDOWN,0.0,,,,,,,,,,,,,,,,,,,,,,,,,,0.0,0,ML_FILTER_REJECTED,0.0,0.0
v3,EURUSD-2026-07-01 11:45:00+00:00-REJECT,EURUSD,2026-07-01 11:45:00+00:00,SHORT,LONDON,2,0,0.0,1,0.0,0,0.0,none,NONE,0,8.999999999992347e-05,0,0.0,0,0,DISCOUNT,-0.5591391837212256,1.1403932,1.1396306,BEARISH,BEARISH,BEARISH,0.3821307483449325,1.140174231919921,1.140613107159388,0.0004388752394668405,-0.00019439929328202155,0.0005978571428571421,1.406840911000913,1.1875746714456215,HIGH_VOL,33.3333333333389,-3.9999999999963336,1.1048203819624418,-0.0004388752394668405,0.0,HIGH_VOL,0.16666666666660987,1.2405578175072618,0.0014499999999999513,0.001195714285714189,0.8246305418718821,16,0.73,0.95,LOCKDOWN,0.0,,,,,,,,,,,,,,,,,,,,,,,,,,0.0,0,ML_FILTER_REJECTED,0.0,0.0
v3,EURUSD-2026-07-01 13:00:00+00:00-REJECT,EURUSD,2026-07-01 13:00:00+00:00,SHORT,NEW_YORK,2,0,0.0,1,0.0,0,0.0,bearish_unfilled,NONE,0,0.00029999999999996696,0,0.0,0,0,DISCOUNT,-0.6692908115819969,1.1400948,1.1390533999999999,BEARISH,BEARISH,BEARISH,0.42181580569121047,1.1397494260310128,1.14034229250262,0.0005928664716072785,-0.0004248058889082529,0.0005857142857142847,1.2019054598754162,0.5975609756098809,RANGING,35.6979405034342,2.5203704099738076,0.7831689865081343,-0.0005928664716072785,0.0,RANGING,0.37240075614364,1.0210700521044818,0.0021199999999998997,0.001171428571428601,0.5525606469003096,16,0.73,0.95,LOCKDOWN,0.0,,,,,,,,,,,,,,,,,,,,,,,,,,0.0,0,ML_FILTER_REJECTED,0.0,0.0
v3,EURUSD-2026-07-01 14:45:00+00:00-REJECT,EURUSD,2026-07-01 14:45:00+00:00,SHORT,NEW_YORK,2,0,0.0,1,0.0,0,0.0,none,NONE,0,0.0006699999999999484,1,1.676433121018974,0,1,DISCOUNT,-0.8979582673895324,1.1396852000000002,1.1388816000000002,BEARISH,BEARISH,BEARISH,0.4438543059513143,1.1395511707585357,1.1401086509196348,0.0005574801610990221,-0.00016003739837033848,0.0005607142857142953,1.0123807067320232,1.9082802547768667,RANGING,37.47072599531727,-5.424716363933172,1.535750940814232,-0.0005574801610990221,0.0,RANGING,0.2593703148425646,0.9246004319395272,0.0018599999999999728,0.0011214285714284955,0.6029185867895225,16,0.6200000000000001,0.95,LOCKDOWN,0.0,,,,,,,,,,,,,,,,,,,,,,,,,,0.0,0,ML_FILTER_REJECTED,0.0,0.0
v3,EURUSD-2026-07-01 15:00:00+00:00-REJECT,EURUSD,2026-07-01 15:00:00+00:00,SHORT,NEW_YORK,2,1,-1.0,1,0.0,1,0.000500000000000167,bearish_unfilled,BEARISH,0,0.0009799999999999809,0,0.0,0,0,DISCOUNT,-0.8290591204622935,1.1395108,1.1385514,BEARISH,BEARISH,BEARISH,0.49337213938764035,1.1394282021148656,1.1400361548051392,0.0006079526902735832,-0.0002914624080494477,0.0005685714285714262,1.0149177610608116,1.3190954773865997,RANGING,30.04694835680678,-7.4237776385104866,1.3658151081485046,-0.0006079526902735832,0.0,RANGING,0.2244897959183588,0.9463404881527557,0.0021700000000000053,0.0011371428571429476,0.5240289664253202,16,0.95,0.95,LOCKDOWN,0.0,,,,,,,,,,,,,,,,,,,,,,,,,,0.0,0,ML_FILTER_REJECTED,0.0,0.0
v3,EURUSD-2026-07-01 15:15:00+00:00-REJECT,EURUSD,2026-07-01 15:15:00+00:00,SHORT,NEW_YORK,2,1,-1.0,1,0.0,0,0.0,bearish_unfilled,NONE,0,0.0011200000000000099,1,0.0,0,0,DISCOUNT,-0.9322025998282352,1.1395032,1.1385356,BEARISH,BEARISH,BEARISH,0.5283752001738885,1.1393036114372594,1.1399610114794474,0.00065740004218795,-0.00038179932156845453,0.0005678571428571517,1.0033444816053634,1.2327044025159593,RANGING,31.295843520781673,1.2488951639748933,1.1536366112775809,-0.00065740004218795,0.0,RANGING,0.19674796747965367,0.9961901894293813,0.0022800000000000598,0.00113571428571424,0.49812030075184655,16,0.95,0.95,LOCKDOWN,0.0,,,,,,,,,,,,,,,,,,,,,,,,,,0.0,0,ML_FILTER_REJECTED,0.0,0.0
v3,EURUSD-2026-07-01 15:30:00+00:00-REJECT,EURUSD,2026-07-01 15:30:00+00:00,SHORT,NEW_YORK,2,1,-1.0,1,0.0,0,0.0,bearish_unfilled,NONE,0,0.0019100000000000783,0,0.0,0,0,DISCOUNT,-0.754285283265612,1.13907,1.137635,BEARISH,BEARISH,BEARISH,0.5387070548621611,1.1391156484432348,1.1398578345586847,0.0007421861154499609,-0.0005540089099904666,0.0006321428571428589,1.1022543280607768,2.357062146892635,RANGING,24.369747899160203,-6.926095621621471,1.6904400111105664,-0.0007421861154499609,0.0,RANGING,0.39469578783152026,1.1721403065576568,0.003070000000000128,0.0012642857142857178,0.41181945090738276,16,0.95,0.95,LOCKDOWN,0.0,,,,,,,,,,,,,,,,,,,,,,,,,,0.0,0,ML_FILTER_REJECTED,0.0,0.0
v3,EURUSD-2026-07-01 15:45:00+00:00-REJECT,EURUSD,2026-07-01 15:45:00+00:00,SHORT,NEW_YORK,2,1,-1.0,1,0.0,1,0.0004999999999999449,bearish_unfilled,BEARISH,0,0.0021500000000000963,0,0.0,0,0,DISCOUNT,-0.8914280620411662,1.13907,1.137635,BEARISH,BEARISH,BEARISH,0.49885335018489885,1.138922729543879,1.1397492920269716,0.0008265624830925411,-0.000731722347134145,0.0006264285714285675,1.0817811767608099,0.798175598631616,RANGING,25.835189309577345,1.4654414104171423,1.4064733756324794,-0.0008265624830925411,0.0,RANGING,0.4928684627575341,1.154781395832568,0.003310000000000146,0.0012528571428571667,0.3785066896849279,16,0.95,0.95,LOCKDOWN,0.0,,,,,,,,,,,,,,,,,,,,,,,,,,0.0,0,ML_FILTER_REJECTED,0.0,0.0
v3,EURUSD-2026-07-01 16:00:00+00:00-REJECT,EURUSD,2026-07-01 16:00:00+00:00,SHORT,NEW_YORK,2,1,-1.0,1,0.0,0,0.0,bearish_unfilled,NONE,0,0.003030000000000088,0,0.0,0,0,DISCOUNT,-0.9764146337667361,1.1387888000000002,1.1370504000000001,BEARISH,BEARISH,BEARISH,0.5516390932807944,1.1386643743492237,1.1396104962612081,0.0009461219119843989,-0.0008867964093119962,0.0006764285714285778,1.151367781155016,2.0105596620908353,RANGING,23.107569721115397,-2.7276195884619483,1.8668058583315421,-0.0009461219119843989,0.0,RANGING,0.5448079658605903,1.2874163094100533,0.004190000000000138,0.0013528571428571556,0.3228775997272341,16,0.95,0.95,LOCKDOWN,0.0,,,,,,,,,,,,,,,,,,,,,,,,,,0.0,0,ML_FILTER_REJECTED,0.0,0.0
v3,EURUSD-2026-07-06 11:15:00+00:00-REJECT,EURUSD,2026-07-06 11:15:00+00:00,SHORT,LONDON,0,1,-1.0,1,0.0,1,7.00000000000145e-05,bearish_unfilled,BEARISH,0,0.0021599999999999397,0,0.0,0,0,DISCOUNT,-0.6540533469694298,1.142727,1.1419685,BEARISH,RANGING,BEARISH,0.3209498406582172,1.14260759954617,1.1430799496169877,0.0004723500708176953,-0.00025090585046827485,0.0006257142857143247,1.4205789345658473,0.831050228310572,HIGH_VOL,28.482972136220354,0.519446300356222,1.145950917680505,-0.0004723500708176953,0.0,HIGH_VOL,0.25187032418958005,1.3218364651899572,0.0015300000000000313,0.001251428571428681,0.8179271708684022,16,0.8400000000000001,0.95,LOCKDOWN,0.0,,,,,,,,,,,,,,,,,,,,,,,,,,0.0,0,ML_FILTER_REJECTED,0.0,0.0
v3,EURUSD-2026-07-06 11:30:00+00:00-REJECT,EURUSD,2026-07-06 11:30:00+00:00,SHORT,LONDON,0,1,-1.0,1,0.0,0,0.0,bearish_unfilled,NONE,0,0.0019299999999999873,0,0.0,0,0,DISCOUNT,-0.9027017268090102,1.142727,1.1419685,BEARISH,RANGING,BEARISH,0.3515998249685438,1.1425183043512965,1.143024657475145,0.000506353123848502,-0.00028129576947155677,0.0006242857142857439,1.3832396929651232,0.7528604118992305,HIGH_VOL,29.113924050630516,0.6309519144101614,1.0681808830185573,-0.000506353123848502,0.0,HIGH_VOL,0.3564356435643989,1.267274277037551,0.0017599999999999838,0.0012485714285714877,0.7094155844156246,16,0.8400000000000001,0.95,LOCKDOWN,0.0,,,,,,,,,,,,,,,,,,,,,,,,,,0.0,0,ML_FILTER_REJECTED,0.0,0.0
v3,EURUSD-2026-07-06 11:45:00+00:00-REJECT,EURUSD,2026-07-06 11:45:00+00:00,SHORT,LONDON,0,1,-1.0,1,0.0,0,0.0,bearish_unfilled,NONE,0,0.0023200000000000998,1,0.0,0,0,DISCOUNT,-0.4345545187911187,1.1427042,1.1419211,BEARISH,RANGING,BEARISH,0.30377253913380337,1.1424746563178396,1.1429868277702375,0.0005121714523979026,-0.00029736283904591154,0.000640714285714296,1.3817005545286258,0.8584169453731855,HIGH_VOL,38.192419825072605,9.07849577444209,1.0191729628726947,-0.0005121714523979026,0.0,HIGH_VOL,0.25977011494249047,1.2489637224399441,0.0013699999999998713,0.0012814285714286555,0.9353493222107853,16,0.8400000000000001,0.95,LOCKDOWN,0.0,,,,,,,,,,,,,,,,,,,,,,,,,,0.0,0,ML_FILTER_REJECTED,0.0,0.0
