{
  "runs": 500,
  "ruin_probability": 0.058,
  "p5_expectancy": -0.9930333356232384,
  "p95_expectancy": 0.10865273676226395,
  "base_metrics": {
    "total_trades": 9,
    "win_rate": 0.2222222222222222,
    "profit_factor": 0.2932785822346914,
    "max_drawdown_r": -5.0,
    "max_drawdown_pct": 5.0,
    "max_daily_drawdown_pct": 4.0,
    "sharpe_ratio": -9.095301850782343,
    "expectancy_r": -0.5496722138174622
  }
}