metric,base_mean,no_rsi_mean,delta_no_rsi_minus_base,effect_size_cohen_d,p_value_mannwhitney,base_n,no_rsi_n
signed_return_1,0.07329087548948543,0.06420080479994493,-0.0090900706895405,-0.009691797767817043,0.8733852589909286,768,844
signed_return_3,0.11270156332284346,0.10637899492889791,-0.006322568393945557,-0.00397370527304911,0.9736343780484733,768,844
signed_return_5,0.17784327339156447,0.1768059226470138,-0.0010373507445506636,-0.0005347732967537291,0.994657571922896,768,844
signed_return_10,0.3912471220065377,0.40526843561706766,0.01402131361052994,0.004919431724398564,0.8693358283451545,768,844
signed_return_20,0.6394062019047143,0.6025279776423496,-0.036878224262364756,-0.00851016771693677,0.8443592543904331,768,844
mfe_r_10,2.236319313331086,2.2150539837200163,-0.02126532961106964,-0.009105496624567696,0.9742324030421414,768,844
continuity_10,0.5442708333333334,0.5485781990521327,0.004307365718799305,0.008646806573757581,0.862349565422781,768,844
post_structure_break_10,0.46484375,0.4514218009478673,-0.013421949052132676,-0.02692419022833433,0.5892076560557702,768,844
pullback_score,37.817265044029114,37.787320754321115,-0.02994428970799845,-0.0034275092628115833,0.9385583590966615,768,844
