{
  "total_trades": 12,
  "win_rate": 0.3333333333333333,
  "profit_factor": 0.7709330143540641,
  "max_drawdown_r": -4.0,
  "max_drawdown_pct": 4.0,
  "max_daily_drawdown_pct": 1.0,
  "sharpe_ratio": -1.8897242187004508,
  "expectancy_r": -0.15271132376395724
}