code,label,description,trades,winrate,profit_factor,expectancy,sharpe,max_drawdown,equity_final
P1,Exclude London session,Exclude trades occurring in session_bucket == 'london'.,1281,0.4371584699453552,1.5682053058339498,0.25619857996863027,6.494922514034576,25.98667586979667,328.1903809398154
P2,Exclude EURUSD,Exclude symbol == 'EURUSD'.,1380,0.4369565217391304,1.5951887943950418,0.27916668584785226,7.06515200417879,28.062187075715713,385.2500264700361
P3,Only XAUUSD and GBPUSD,Keep only symbol values XAUUSD or GBPUSD.,1380,0.4369565217391304,1.5951887943950418,0.27916668584785226,7.06515200417879,28.062187075715713,385.2500264700361
P4,"Only hours 7, 14, 15, 16, 17 UTC","Filter to hour values in {7,14,15,16,17}.",780,0.4576923076923077,1.7308957543916033,0.3293907065173277,6.2389439693756135,25.765946611778958,256.9247510835156
P5,Filter large FVG size,Keep only trades with fvg_size_atr >= 2.,42,0.5476190476190477,2.6478475724016124,0.5842984500289844,2.5470688346759514,4.7396844279279655,24.540534901217345
P6,Filter mitigation depth between 20% and 40%,Keep only trades with 0.20 <= mitigation_depth_pct <= 0.40.,147,0.30612244897959184,0.8102322408035846,-0.11356831643837341,-1.0769548501078938,29.398885457786342,-16.69454251644089
P7,Combine P1+P3+P4+P5+P6,"Exclude London, keep only XAUUSD and GBPUSD, hour in {7,14,15,16,17}, fvg_size_atr >= 2, and 0.20 <= mitigation_depth_pct <= 0.40.",3,1.0,inf,1.547019582526372,6.017830648521584,0.0,4.641058747579116
